pick up|поднять / заехать за|nhặt lên / đón
pick out|выбрать|chọn ra
put on|надеть|mặc vào
put off|отложить|hoãn lại
put out|потушить|dập tắt
put away|убрать|cất đi
put up with|терпеть|chịu đựng
take off|снять / взлететь|cởi ra / cất cánh
take on|браться за|đảm nhận
take up|заняться|bắt đầu theo đuổi
take after|быть похожим на|giống
take over|взять на себя|tiếp quản
turn on|включить|bật
turn off|выключить|tắt
turn up|появиться / сделать громче|xuất hiện / vặn to
turn down|отказать / сделать тише|từ chối / vặn nhỏ
turn into|превратиться|biến thành
look for|искать|tìm
look after|присматривать|trông nom
look up|посмотреть в словаре|tra cứu
look forward to|ждать с нетерпением|mong đợi
look out|осторожно|coi chừng
give up|сдаться|bỏ cuộc
give in|уступить|nhượng bộ
give back|вернуть|trả lại
give away|раздать / выдать|cho đi / để lộ
get up|вставать|thức dậy
get on|садиться (в транспорт)|lên xe
get off|выходить (из транспорта)|xuống xe
get in|войти / сесть в|vào
get out|выбираться|ra ngoài
get along|ладить|hòa thuận
get over|оправиться|vượt qua
get rid of|избавиться|loại bỏ
go on|продолжать|tiếp tục
go out|выходить / встречаться|đi ra ngoài
go back|возвращаться|quay lại
go away|уходить|đi khỏi
go through|пройти через|trải qua
come back|вернуться|quay lại
come in|входить|đi vào
come on|давай|nào
come across|наткнуться|tình cờ gặp
come up with|придумать|nghĩ ra
run out of|кончиться|hết
run into|случайно встретить|tình cờ gặp
run away|убежать|bỏ chạy
break down|сломаться|hỏng
break up|расстаться|chia tay
break in|вломиться|đột nhập
break out|вспыхнуть|bùng nổ
bring up|воспитать / поднять тему|nuôi dạy / nêu ra
bring back|принести обратно|mang về
call off|отменить|hủy bỏ
call back|перезвонить|gọi lại
carry on|продолжать|tiếp tục
carry out|выполнить|thực hiện
catch up|догнать|bắt kịp
check in|зарегистрироваться|làm thủ tục
check out|выписаться / проверить|trả phòng / xem
cut off|отрезать / прервать|cắt đứt
cut down|сократить|cắt giảm
drop off|подбросить / задремать|thả xuống / thiếp đi
drop out|бросить (учёбу)|bỏ học
end up|в итоге оказаться|cuối cùng thì
figure out|понять / разобраться|tìm ra
fill in|заполнить|điền vào
fill out|заполнить бланк|điền mẫu
find out|выяснить|tìm ra
grow up|вырасти|lớn lên
hand in|сдать|nộp
hand out|раздать|phát
hang up|повесить трубку|cúp máy
hold on|подождать|khoan đã
keep on|продолжать|cứ tiếp tục
keep up|не отставать|theo kịp
let down|подвести|làm thất vọng
log in|войти в систему|đăng nhập
log out|выйти из системы|đăng xuất
look into|расследовать|xem xét
make up|выдумать / помириться|bịa / làm lành
make up for|компенсировать|bù đắp
pass away|скончаться|qua đời
pass out|потерять сознание|ngất
pay back|вернуть долг|trả nợ
point out|указать|chỉ ra
pull over|съехать на обочину|tấp vào lề
put down|положить / записать|đặt xuống / ghi lại
set off|отправиться|khởi hành
set up|организовать|thiết lập
show up|явиться|có mặt
shut up|замолчи|im đi
sit down|сесть|ngồi xuống
stand up|встать|đứng lên
stay up|не ложиться спать|thức khuya
switch on|включить|bật lên
switch off|выключить|tắt đi
take part|участвовать|tham gia
throw away|выбросить|vứt đi
try on|примерить|mặc thử
turn around|обернуться|quay lại
wake up|проснуться|thức dậy
watch out|берегись|coi chừng
work out|получиться / тренироваться|ổn thỏa / tập luyện
write down|записать|viết ra
calm down|успокоиться|bình tĩnh lại
cheer up|взбодриться|vui lên
clean up|убрать|dọn dẹp
close down|закрыться|đóng cửa
come along|идти вместе|đi cùng
count on|рассчитывать на|trông cậy
deal with|иметь дело с|đối phó
dress up|нарядиться|ăn mặc đẹp
fall apart|развалиться|tan rã
fall behind|отстать|tụt lại
fall over|упасть|ngã
get back|вернуться|trở về
get together|собраться|họp mặt
give out|раздать / кончиться|phát ra / cạn
go ahead|вперёд / давай|cứ làm đi
go over|повторить / просмотреть|xem lại
hang on|погоди|khoan
hurry up|поторопись|nhanh lên
join in|присоединиться|tham gia vào
keep off|не подходить|tránh xa
knock down|сбить|hạ gục
lay off|уволить|sa thải
leave out|опустить|bỏ sót
live on|жить на (деньги)|sống bằng
look down on|смотреть свысока|coi thường
look up to|уважать|ngưỡng mộ
mix up|перепутать|nhầm lẫn
move in|въехать|chuyển đến
move out|съехать|chuyển đi
own up|признаться|thú nhận
pay off|окупиться|đáng công
pick on|придираться|bắt nạt
put through|соединить по телефону|nối máy
run over|переехать|cán qua
see off|проводить|tiễn
set out|отправиться|lên đường
settle down|остепениться|ổn định
slow down|замедлиться|chậm lại
sort out|разобрать|giải quyết
speak up|говорить громче|nói to lên
split up|разделиться|chia tay
stand for|означать|viết tắt của
stick to|придерживаться|giữ đúng
take apart|разобрать|tháo ra
take back|забрать слова|rút lại lời
tell off|отругать|mắng
think over|обдумать|suy nghĩ kỹ
throw up|стошнить|nôn
turn back|повернуть назад|quay trở lại
use up|израсходовать|dùng hết
wear out|износить|mòn
wipe out|уничтожить|xóa sổ
wrap up|завернуть / закончить|gói lại / kết thúc
back up|поддержать / сделать копию|ủng hộ / sao lưu
blow up|взорвать|nổ tung
break off|прервать|ngừng lại
bring about|вызвать|gây ra
bring along|взять с собой|mang theo
call for|требовать|đòi hỏi
carry off|успешно провернуть|thực hiện thành công
come down|снизиться|giảm xuống
come out|выйти / раскрыться|ra mắt / lộ ra
come round|зайти в гости|ghé qua
cut out|вырезать / бросить|cắt ra / bỏ
do without|обойтись без|không cần đến
drop by|заскочить|ghé qua
eat out|есть не дома|ăn ngoài
fall out|поссориться|cãi nhau
get away|сбежать|trốn thoát
get by|сводить концы с концами|xoay xở
get through|дозвониться / пережить|gọi được / vượt qua
give off|издавать|tỏa ra
go after|преследовать|theo đuổi
go along with|согласиться|đồng ý theo
go down|снижаться|đi xuống
hand over|передать|bàn giao
hold back|сдерживать|kìm lại
hold up|задержать|cản trở
keep away|держаться подальше|tránh xa
let in|впустить|cho vào
let out|выпустить|thả ra
live up to|оправдать|đáp ứng
look back|оглянуться|nhìn lại
make out|разобрать|nhận ra
pass on|передать дальше|truyền lại
pay for|заплатить за|trả tiền cho
pull out|вытащить / выйти|rút ra
put forward|выдвинуть|đề xuất
rule out|исключить|loại trừ
run down|сбить / истощить|hạ gục / kiệt sức
see through|разгадать|nhìn thấu
send off|отправить|gửi đi
set aside|отложить|để dành
show off|рисоваться|khoe khoang
sign up|записаться|đăng ký
stand out|выделяться|nổi bật
take down|записать / снять|ghi lại / gỡ xuống
take in|понять / обмануть|hiểu / lừa
talk over|обсудить|bàn bạc
throw out|выбросить|vứt ra
turn out|оказаться|hóa ra
walk out|уйти в знак протеста|bỏ đi
watch over|присматривать|trông chừng
wear off|проходить|mất dần
wind up|закончить|kết thúc
work on|работать над|làm việc với
account for|объяснять|giải thích cho
act on|действовать по|hành động theo
add up|сходиться|cộng lại
agree with|соглашаться с|đồng ý với
answer back|огрызаться|cãi lại
apply for|подавать заявление|nộp đơn
ask after|справляться о здоровье|hỏi thăm
ask for|просить|xin
back out|отступить|rút lui
bear with|потерпеть|chịu đựng giúp
believe in|верить в|tin vào
belong to|принадлежать|thuộc về
blow out|задуть|thổi tắt
boil down to|сводиться к|quy về
book in|забронировать|đặt chỗ
bounce back|оправиться|hồi phục
branch out|расшириться|mở rộng
break away|оторваться|tách ra
bring off|осуществить|thực hiện được
bring round|убедить|thuyết phục
build up|нарастить|xây dựng dần
burn down|сгореть дотла|cháy rụi
burn out|выгореть|kiệt sức
burst out|разразиться|bật ra
buy out|выкупить|mua lại
call in|вызвать|gọi đến
call up|призвать / позвонить|gọi điện
care for|заботиться / любить|chăm sóc
carry through|довести до конца|làm đến cùng
cash in|обналичить|đổi ra tiền
catch on|войти в моду / понять|bắt kịp / hiểu ra
check up on|проверить|kiểm tra
chip in|скинуться|góp tiền
clean out|вычистить|dọn sạch
clear up|проясниться|quang đãng
close in|приближаться|áp lại
come about|случиться|xảy ra
come by|зайти / достать|ghé / kiếm được
come forward|выступить|đứng ra
come off|отвалиться / удаться|rơi ra / thành công
come to|очнуться|tỉnh lại
come up|возникнуть|nảy ra
consist of|состоять из|bao gồm
cope with|справляться|đối phó được
cover up|скрывать|che đậy
cross out|вычеркнуть|gạch bỏ
cry out|вскрикнуть|kêu lên
cut back|урезать|cắt giảm
cut in|вмешаться|ngắt lời
dawn on|осенить|chợt hiểu
depend on|зависеть|phụ thuộc
die down|утихнуть|dịu đi
die out|вымирать|tuyệt chủng
dig up|откопать|đào lên
do up|застегнуть / отремонтировать|cài / sửa sang
draw up|составить|soạn thảo
dream up|выдумать|nghĩ ra
drink up|допить|uống hết
drive off|уехать|lái đi
drop in|заглянуть|ghé vào
ease off|ослабеть|dịu bớt
eat up|доесть|ăn hết
egg on|подстрекать|xúi giục
embark on|приступить к|bắt tay vào
enter into|вступать в|bước vào
even out|выровняться|trở nên đều
face up to|признать|đối mặt
fall for|влюбляться / поветься|phải lòng / mắc lừa
fall through|провалиться|thất bại
feel up to|быть в силах|cảm thấy đủ sức
fight back|дать отпор|phản kháng
fill up|заполнить доверху|đổ đầy
find out about|узнать о|tìm hiểu về
finish off|добить / доесть|kết liễu / ăn nốt
fire off|выпалить|bắn ra
fit in|вписаться|hòa nhập
fix up|устроить|sắp xếp
flick through|пролистать|lật qua
follow up|продолжить|theo dõi tiếp
fool around|дурачиться|đùa nghịch
get across|донести мысль|truyền đạt
get ahead|преуспеть|vượt lên
get at|намекать|ám chỉ
get away with|сойти с рук|thoát tội
get down to|приняться за|bắt tay vào
get into|увлечься|bắt đầu mê
get on with|продолжать / ладить|tiếp tục / hòa hợp
get out of|избежать|tránh khỏi
get round|убедить|thuyết phục được
give away to|уступить место|nhường chỗ
glance at|взглянуть|liếc nhìn
go about|приниматься|bắt đầu làm
go against|идти против|đi ngược
go by|проходить мимо|trôi qua
go for|выбрать / напасть|chọn / tấn công
go in for|увлекаться|theo đuổi
go off|сработать / испортиться|nổ / hỏng
go on with|продолжать|tiếp tục với
go through with|довести до конца|làm cho xong
go with|подходить к|hợp với
go without|обходиться без|không có
grow out of|вырасти из|lớn hơn
hand down|передать по наследству|truyền lại
hang about|болтаться|lảng vảng
hang out|тусоваться|đi chơi
have on|быть одетым|đang mặc
head for|направиться|hướng đến
hear from|получить весточку|nhận tin
hear of|слышать о|nghe nói về
hit back|ответить ударом|đánh trả
hit on|натолкнуться на идею|nghĩ ra
hold on to|держаться за|giữ lấy
hold out|продержаться|cầm cự
hunt for|разыскивать|săn tìm
iron out|утрясти|giải quyết nốt
join up|вступить|gia nhập
jump at|ухватиться|nhảy bổ vào
keep back|утаить|giấu lại
keep down|не давать расти|kiềm chế
keep from|удержаться|kiềm lại
keep in|оставить дома|giữ ở nhà
keep out|не впускать|không cho vào
keep to|придерживаться|giữ theo
keep up with|успевать за|theo kịp
kick off|начать|bắt đầu
knock out|нокаутировать|hạ gục
knock over|опрокинуть|làm đổ
lash out|наброситься|la mắng
laugh at|смеяться над|cười nhạo
lay down|установить правило|đặt ra
lay out|разложить|bày ra
lead to|привести к|dẫn đến
lean on|опереться|dựa vào
leave behind|оставить|bỏ lại
let off|отпустить|tha
let on|проговориться|để lộ
lie down|лечь|nằm xuống
lift up|поднять|nâng lên
light up|зажечься|sáng lên
line up|выстроиться|xếp hàng
listen in|подслушивать|nghe trộm
live down|искупить|chuộc lỗi
live through|пережить|sống sót qua
lock up|запереть|khóa lại
look on|наблюдать|đứng nhìn
look round|осмотреться|nhìn quanh
lose out|проиграть|thua thiệt
make for|направиться к|lao tới
make off|сбежать|chuồn đi
make over|переделать|làm lại
mark down|уценить|hạ giá
measure up|соответствовать|đạt yêu cầu
meet up|встретиться|gặp nhau
mess up|испортить|làm hỏng
miss out|упустить|bỏ lỡ
mix in|вмешать|trộn vào
move on|двигаться дальше|tiếp tục tiến
name after|назвать в честь|đặt tên theo
narrow down|сузить|thu hẹp
nod off|задремать|gật gù
note down|записать|ghi chú
open up|открыться|mở ra
opt for|выбрать|chọn
own up to|признаться в|thú nhận
pack up|собрать вещи|thu dọn
pass by|пройти мимо|đi ngang
pass for|сойти за|được coi là
pass over|пропустить|bỏ qua
pay in|внести деньги|nộp tiền
pay out|выплатить|chi trả
phase out|постепенно убрать|loại bỏ dần
pick at|ковырять|nhặt nhạnh
piece together|собрать по кускам|ghép lại
pile up|накопиться|chất đống
pin down|прижать к стене|bắt phải nói rõ
play down|преуменьшать|nói giảm
play up|барахлить|trục trặc
plug in|включить в розетку|cắm điện
point to|указывать на|chỉ vào
polish off|быстро доесть|ăn sạch
pop in|заскочить|ghé nhanh
pour out|излить|trút ra
press on|продолжать упорно|kiên trì
pull down|снести|phá đổ
pull off|справиться|xoay xở được
pull through|выжить|qua khỏi
pull up|остановиться|dừng lại
push ahead|продвигаться|tiến lên
push for|добиваться|thúc đẩy
put across|донести|trình bày
put aside|отложить|để sang một bên
put back|поставить на место|đặt lại
put in|вложить|bỏ vào
put off until|отложить до|hoãn đến
put on weight|набрать вес|tăng cân
put out a fire|потушить пожар|dập lửa
put up|разместить / повесить|cho ở / treo lên
queue up|встать в очередь|xếp hàng
reach out|протянуть руку|vươn ra
read out|зачитать|đọc to
read up on|изучить|tìm hiểu kỹ
rely on|полагаться|dựa vào
remind of|напоминать о|nhắc đến
result in|привести к|dẫn tới
ring back|перезвонить|gọi lại
ring up|позвонить|gọi điện
rip off|ободрать|chặt chém
roll out|развернуть|triển khai
rub out|стереть|tẩy đi
rule off|отчеркнуть|kẻ ngang
run across|случайно наткнуться|tình cờ thấy
run away with|сбежать с|bỏ trốn với
run through|пробежать / репетировать|chạy qua / duyệt
save up|накопить|để dành
scare off|отпугнуть|dọa chạy
scrape through|еле сдать|vừa đủ đậu
screw up|провалить|làm hỏng
see about|заняться|lo liệu
see to|позаботиться|lo cho
sell out|распродать|bán hết
send back|отправить назад|gửi trả
send for|послать за|gọi đến
set about|приняться|bắt đầu
set back|задержать|làm chậm
set down|записать / посадить|ghi / đặt xuống
set in|установиться|bắt đầu
set to|энергично взяться|bắt tay làm
settle for|довольствоваться|chấp nhận
settle in|обжиться|ổn định chỗ ở
shake off|стряхнуть|rũ bỏ
shoot up|взлететь|tăng vọt
shop around|прицениться|so giá
shout out|крикнуть|hét lên
show around|показать место|dẫn đi xem
shrug off|отмахнуться|phủi tay
shut down|закрыть / выключить|đóng cửa / tắt máy
shut out|не впустить|không cho vào
sign in|расписаться при входе|ký vào
sign out|расписаться при выходе|ký ra
single out|выделить|chọn riêng
sink in|дойти до сознания|thấm
sit around|сидеть без дела|ngồi không
sit out|пересидеть|ngồi ngoài
sleep in|поспать подольше|ngủ nướng
slip up|оплошать|sơ suất
smash up|разбить|đập nát
snap up|расхватать|mua ngay
sort through|перебрать|lục soát
speak out|высказаться|lên tiếng
speed up|ускориться|tăng tốc
spell out|разъяснить|nói rõ
spin out|растянуть|kéo dài
splash out|разориться на|tiêu xài mạnh
split off|отколоться|tách ra
spread out|распространиться|lan ra
spring up|возникнуть|mọc lên
squash in|втиснуться|nhét vào
stack up|складываться|xếp chồng
stamp out|искоренить|dẹp bỏ
stand by|поддерживать / быть наготове|ủng hộ / sẵn sàng
stand down|уйти в отставку|từ chức
stand in for|заменять|thay thế
start off|начать|bắt đầu
start out|начинать путь|khởi đầu
stay in|остаться дома|ở nhà
stay on|остаться|ở lại
stay out|не возвращаться домой|ở ngoài
step down|уйти с поста|từ chức
step in|вмешаться|can thiệp
step up|усилить|tăng cường
stick out|торчать|thò ra
stick up for|заступиться|bảo vệ
stir up|взбудоражить|khuấy động
stop by|зайти|ghé qua
stop off|остановиться по пути|dừng chân
stop over|сделать остановку|quá cảnh
store up|накопить|tích trữ
strike out|вычеркнуть|gạch đi
sum up|подвести итог|tóm tắt
switch over|переключиться|chuyển sang
take away|забрать / на вынос|mang đi
take in a show|сходить на зрелище|đi xem
take off clothes|снять одежду|cởi quần áo
take on staff|нанять персонал|tuyển người
take out|вынуть / пригласить|lấy ra / mời đi
take to|пристраститься|thích nghi
take up space|занимать место|chiếm chỗ
talk back|дерзить|cãi lại
talk into|уговорить|thuyết phục
talk out of|отговорить|can ngăn
tear down|снести|phá dỡ
tear up|разорвать|xé nát
tell apart|различить|phân biệt
tell on|донести|mách
test out|испытать|thử nghiệm
think ahead|думать наперёд|nghĩ trước
think back|вспомнить|nhớ lại
think up|придумать|nghĩ ra
throw off|сбить с толку|làm rối
throw together|наскоро собрать|dựng vội
tick off|отчитать / отметить|mắng / đánh dấu
tide over|перебиться|qua cơn
tie up|связать|trói lại
tip off|предупредить|mách trước
tone down|смягчить|giảm nhẹ
touch down|приземлиться|hạ cánh
touch on|затронуть|đề cập
track down|разыскать|lần ra
trade in|сдать в зачёт|đổi cũ lấy mới
try out|испробовать|thử
tuck in|заправиться едой|ăn ngon lành
turn away|отвернуть / отказать|quay đi / từ chối
turn in|лечь спать / сдать|đi ngủ / nộp
turn over|перевернуть|lật lại
turn to|обратиться к|quay sang
turn up the volume|сделать громче|tăng âm lượng
type in|ввести|nhập vào
use up all|израсходовать всё|dùng hết sạch
wait on|обслуживать|phục vụ
wait up|не ложиться ждать|thức đợi
wake up to|осознать|nhận ra
walk away|уйти|bỏ đi
walk off|уйти прочь|bỏ đi
warm up|размяться|khởi động
wash up|помыть посуду|rửa bát
watch out for|остерегаться|đề phòng
wave off|отмахнуться|xua đi
wear away|стереться|mòn dần
weed out|отсеять|loại bỏ
weigh up|взвесить|cân nhắc
while away|скоротать|giết thời gian
win back|вернуть себе|giành lại
win over|перетянуть на свою сторону|thuyết phục được
wipe off|стереть|lau đi
work off|отработать|làm để trả
work out a plan|составить план|lập kế hoạch
write off|списать|xóa sổ
write up|описать подробно|viết báo cáo
yearn for|тосковать по|khao khát
zero in on|сосредоточиться|tập trung vào
zoom in|приблизить|phóng to
zone out|отключиться|mơ màng
add up to|составлять в сумме|cộng thành
back down|отступить|nhượng bộ
bargain for|ожидать|tính đến
bear out|подтверждать|xác nhận
beat down|сбивать цену|mặc cả
beat up|избить|đánh đập
blot out|заслонить|che khuất
blow over|улечься|qua đi
board up|заколотить|đóng ván
boil over|убежать (о жидкости)|sôi trào
bottle up|затаить|kìm nén
branch off|ответвиться|rẽ nhánh
break out of|вырваться|vượt thoát
breeze through|легко пройти|làm dễ dàng
brick up|заложить кирпичом|xây bịt
bring down|свергнуть|lật đổ
bring in|принести доход|mang lại
bring out|выпустить / подчеркнуть|ra mắt / làm nổi
brush off|отмахнуться|phủi bỏ
brush up|освежить знания|ôn lại
buckle down|засесть за работу|lao vào làm
bump into|столкнуться|đụng phải
bundle up|тепло одеться|mặc ấm
burn up|сгореть|cháy hết
butt in|влезть в разговор|xen vào
call out|выкрикнуть|gọi to
call round|зайти|ghé thăm
carry away|увлечь|cuốn đi
carry forward|перенести|chuyển tiếp
cash out|обналичить|rút tiền
cast off|отбросить|vứt bỏ
catch up on|наверстать|bù lại
cave in|обрушиться / уступить|sập / nhượng bộ
chase up|напомнить|nhắc lại
cheat on|изменить|phản bội
check off|отметить галочкой|đánh dấu
chicken out|струсить|chùn bước
chime in|вставить слово|nhập hội
clamp down|ужесточить|siết chặt
clear out|очистить|dọn sạch
climb down|пойти на попятную|xuống nước
clock in|отметиться на работе|chấm công vào
clock out|закончить смену|chấm công ra
close off|перекрыть|chặn lại
cloud over|затянуться тучами|u ám
clue in|ввести в курс|cho biết
clutter up|захламить|bừa bộn
coil up|свернуться|cuộn lại
come apart|развалиться|rã ra
come between|встать между|xen vào giữa
come down with|заболеть|mắc bệnh
come from|происходить из|đến từ
come into|унаследовать|thừa kế
come over|зайти в гости|ghé qua
come up against|столкнуться с|đụng phải
cool down|остыть|nguội đi
cool off|остыть|hạ nhiệt
copy down|переписать|chép lại
cough up|выложить деньги|móc tiền
count out|исключить|loại ra
cover for|прикрыть|che chở
crack down|расправиться|trấn áp
creep in|вкрасться|len vào
crop up|всплыть|nảy ra
cross off|вычеркнуть|gạch tên
crowd out|вытеснить|lấn át
cry off|отказаться|từ chối
curl up|свернуться|cuộn mình
cut across|срезать путь|đi tắt
dash off|набросать наспех|viết vội
date back|восходить к|có từ
dawn upon|осенить|chợt nhận ra
deal in|торговать|buôn bán
decide on|решиться на|quyết định
die away|затихнуть|tan dần
dig into|углубиться|đào sâu
dine out|ужинать вне дома|ăn tối ngoài
dip into|заглянуть / залезть в|xem qua / rút tiền
disagree with|не соглашаться|không đồng ý
divide up|разделить|chia nhau
do away with|покончить с|bãi bỏ
do over|переделать|làm lại
do up the house|отремонтировать дом|sửa nhà
double up|согнуться|gập người
drag on|тянуться|kéo dài
drag out|вытянуть|kéo ra
draw back|отступить|rút lại
draw on|черпать|dựa vào
draw out|растянуть|kéo dài
dream of|мечтать о|mơ về
drift off|задремать|thiếp đi
drink to|выпить за|nâng ly
drive away|прогнать|đuổi đi
drop off to sleep|заснуть|thiếp đi
drop out of|бросить|bỏ
drown out|заглушить|át đi
dry out|высохнуть|khô đi
dry up|иссякнуть|cạn
duck out|увильнуть|trốn
dwell on|зациклиться|dằn vặt
ease up|ослабить|nới lỏng
eat away|разъедать|ăn mòn
edge out|вытеснить|loại dần
embark upon|пуститься в|bắt đầu
empty out|опустошить|đổ hết
end in|закончиться|kết thúc bằng
engage in|заниматься|tham gia
enter for|записаться на|đăng ký thi
even up|сравнять|làm đều
explain away|отговориться|thanh minh
face up|смотреть в лицо|đối mặt
fade away|угаснуть|phai nhạt
fall back|отступить|rút lui
fall back on|прибегнуть к|dựa vào
fall in|провалиться / построиться|sụp / xếp hàng
fall in with|согласиться с|đồng ý với
fall off|снизиться|giảm
fall on|напасть|đổ lên
fall out with|поссориться с|cãi nhau với
farm out|отдать на сторону|khoán ngoài
fasten up|застегнуть|cài lại
fathom out|постичь|hiểu ra
feed on|питаться|ăn bằng
feel for|сочувствовать|thương cảm
fend for|заботиться о себе|tự lo
fend off|отразить|chống đỡ
ferret out|выведать|moi ra
fetch up|оказаться|cuối cùng ở
fiddle with|вертеть|mân mê
fight off|отбить|chống lại
figure on|рассчитывать|tính đến
file away|подшить|cất hồ sơ
fill in for|заменить|thay cho
filter out|отфильтровать|lọc ra
finish up|закончить|kết thúc
fire away|начинай говорить|cứ nói
fish out|выудить|moi ra
fit out|оснастить|trang bị
fix on|остановиться на|chốt
flag down|остановить взмахом|vẫy dừng
flare up|вспыхнуть|bùng lên
flash back|вернуться в памяти|hồi tưởng
flesh out|развить подробнее|làm rõ
flicker out|погаснуть|tắt dần
fling off|сбросить|vứt bỏ
float around|носиться в воздухе|lan truyền
flood in|хлынуть|ùa vào
floor it|газануть|đạp ga
fly into|впасть в|nổi cơn
focus on|сосредоточиться|tập trung
fold up|сложить|gấp lại
follow through|довести|làm đến cùng
fool about|валять дурака|nghịch ngợm
force back|оттеснить|đẩy lùi
forge ahead|рваться вперёд|tiến mạnh
fork out|выложить|móc tiền
freak out|психануть|hoảng loạn
freeze over|замёрзнуть|đóng băng
freeze up|застыть|đơ ra
freshen up|освежиться|tươi tỉnh lại
frown on|не одобрять|không tán thành
fry up|поджарить|rán lên
gad about|шататься|đi lang thang
gain on|нагонять|đuổi kịp
gang up|сговориться против|hợp lại chống
gasp out|выдохнуть|thốt ra
gather up|собрать|thu lại
gear up|готовиться|chuẩn bị
get about|передвигаться|đi lại
get along with|ладить с|hòa thuận với
get around|обходиться / распространиться|xoay xở / lan truyền
get away from|уйти от|tránh khỏi
get behind|отстать / поддержать|tụt lại / ủng hộ
get by on|прожить на|sống nhờ
get down|удручать / слезть|làm chán / xuống
get in on|ввязаться|nhập cuộc
get off with|отделаться|thoát với
get on for|приближаться к|gần đến
get out of hand|выйти из-под контроля|vượt tầm kiểm soát
get together with|собраться с|họp với
get up to|затеять|nghịch
give in to|поддаться|nhượng bộ
give out that|распустить слух|đồn rằng
give over|прекратить|thôi đi
give up on|махнуть рукой|bỏ cuộc với
give way|уступить / поддаться|nhường / sụp
glance through|просмотреть|xem lướt
go along|соглашаться|đi theo
go around|ходить кругом / хватать|đi vòng / đủ
go back on|нарушить слово|thất hứa
go down with|заболеть|mắc bệnh
go in|войти|đi vào
go off with|уйти с|bỏ đi với
go on about|разглагольствовать|nói dai
go out with|встречаться с|hẹn hò
go over to|перейти на|chuyển sang
go round|зайти / хватить|ghé / đủ
go through with it|довести это|làm cho xong việc
go under|разориться|phá sản
go up|вырасти в цене|tăng
go with the flow|плыть по течению|xuôi theo
grind down|измотать|bào mòn
grow apart|отдалиться|xa cách
grow on|начать нравиться|dần thích
gun for|охотиться за|nhắm vào
hack into|взломать|xâm nhập
ham up|переигрывать|diễn quá
hammer out|выработать|thảo ra
hand in hand|рука об руку|tay trong tay
hang up on|бросить трубку|cúp máy giữa chừng
happen on|наткнуться|tình cờ thấy
harp on|твердить|nhắc đi nhắc lại
hash out|обсудить до конца|bàn cho ra
have it in for|иметь зуб|ghét cay
have it out|выяснить отношения|nói cho rõ
head off|предотвратить|ngăn chặn
heat up|разогреть|hâm nóng
help out|выручить|giúp đỡ
hit it off|спеться|hợp nhau
hit out at|обрушиться на|đả kích
hold off|повременить|hoãn lại
hold onto|держаться|bám lấy
hold out for|стоять на своём|đòi cho bằng được
hole up|затаиться|ẩn náu
home in on|нацелиться|nhắm vào
hook up|подключить / встретиться|kết nối / gặp
horse around|дурачиться|nghịch
hunt down|выследить|săn lùng
hush up|замять|giấu nhẹm
hype up|разрекламировать|thổi phồng
idle away|бездельничать|phí thời gian
impress on|внушить|khắc sâu
improve on|улучшить|cải thiện hơn
indulge in|предаваться|say mê
inquire into|расследовать|điều tra
insist on|настаивать|khăng khăng
interest in|заинтересовать|làm quan tâm
interfere with|мешать|can thiệp
invite over|пригласить к себе|mời đến
iron on|приутюжить|ủi dán
jack up|взвинтить|đội giá
jazz up|оживить|làm sôi động
jockey for|бороться за|tranh giành
join forces|объединить усилия|hợp lực
jot down|набросать|ghi vội
jump in|вмешаться|nhảy vào
jump on|наброситься|nhảy lên
keel over|рухнуть|ngã quỵ
keep at|упорно делать|kiên trì
keep on at|доставать|cứ nhắc
kick in|вступить в силу|bắt đầu có hiệu lực
kick out|выгнать|đuổi ra
kiss up|подлизываться|nịnh
knuckle down|засесть|lao vào
knuckle under|подчиниться|khuất phục
lap up|жадно глотать|hứng thú nghe
lash out at|наброситься на|quát mắng
latch on|ухватиться|bám lấy
lay into|накинуться|xỉ vả
lay off staff|сократить штат|sa thải nhân viên
lead on|водить за нос|dụ dỗ
leak out|просочиться|lộ ra
lean toward|склоняться к|nghiêng về
leave off|прекратить|ngừng
let down gently|мягко отказать|từ chối khéo
let in on|посвятить|cho biết
let up|ослабеть|dịu đi
level off|выровняться|ổn định
level with|говорить начистоту|nói thẳng
lie in|валяться в постели|nằm nướng
lift off|взлететь|cất cánh
light on|натолкнуться|tình cờ gặp
line up for|стоять в очереди за|xếp hàng lấy
link up|соединиться|kết nối
listen out|прислушиваться|lắng nghe
live it up|кутить|ăn chơi
live off|жить за счёт|sống nhờ
load up|загрузить|chất đầy
lock in|запереть внутри|khóa trong
log off|выйти из системы|đăng xuất
look after a child|присмотреть за ребёнком|trông trẻ
look ahead|смотреть вперёд|nhìn về trước
look out for|присматривать за|để mắt đến
look through|просмотреть|xem qua
look to|рассчитывать на|trông vào
look up a word|найти слово|tra từ
lose out to|проиграть кому-то|thua
luck out|повезти|gặp may
make do|обходиться|tạm dùng
make fun of|высмеивать|chế giễu
make of|думать о|nghĩ về
make off with|смыться с|cuỗm đi
make out a check|выписать чек|viết séc
make up one's mind|решиться|quyết định
map out|наметить|vạch ra
mark up|наценить|tăng giá
marry off|выдать замуж|gả
measure up to|соответствовать|đạt tới
meet with|встретиться с|gặp gỡ
melt away|растаять|tan biến
melt down|расплавить|nấu chảy
mess about|валять дурака|nghịch
miss out on|упустить|bỏ lỡ
mix up with|перепутать с|nhầm với
mop up|вытереть|lau sạch
mount up|накопиться|chất cao
move away|уехать|chuyển đi
move over|подвинуться|nhích ra
mull over|обдумывать|suy nghĩ
muscle in|влезть силой|xen vào
nail down|уточнить|chốt lại
narrow down to|сузить до|thu hẹp còn
nod off to sleep|задремать|gật ngủ
nose around|совать нос|đánh hơi
note down a number|записать номер|ghi số
object to|возражать|phản đối
occur to|прийти в голову|nảy ra trong đầu
open onto|выходить на|mở ra
opt out|отказаться|từ chối tham gia
own up about|признаться о|thú nhận về
pack off|отправить|đuổi đi
pair off|разбиться на пары|kết đôi
palm off|всучить|đẩy đi
pan out|сложиться удачно|suôn sẻ
part with|расстаться с|chia tay
pass off|сойти / пройти|qua đi
pass out leaflets|раздавать листовки|phát tờ rơi
pass up|упустить шанс|bỏ lỡ cơ hội
patch up|залатать / помириться|vá / làm lành
pay back money|вернуть деньги|trả tiền
pay off a debt|погасить долг|trả hết nợ
peck at|клевать|ăn từng miếng
peel off|содрать|bóc ra
peg away|упорно трудиться|cày đều
pencil in|наметить предварительно|ghi tạm
perk up|оживиться|tươi tỉnh
peter out|сойти на нет|teo dần
phase in|вводить постепенно|đưa vào dần
pick off|снимать по одному|bắn hạ từng người
pick up the phone|снять трубку|nhấc máy
pile on|навалиться|đổ thêm
pin on|приписать|đổ lỗi
pipe down|затихнуть|im đi
pitch in|внести лепту|góp sức
plan on|собираться|dự định
play along|подыграть|chiều theo
play at|делать вид|giả vờ
play back|воспроизвести|phát lại
plough through|осилить|cày qua
plug away|упорно работать|kiên trì làm
point out a mistake|указать на ошибку|chỉ ra lỗi
polish up|отшлифовать|trau chuốt
pop out|выскочить|nhô ra
pore over|корпеть над|nghiền ngẫm
portion out|разделить на порции|chia phần
pounce on|наброситься|vồ lấy
press ahead|продолжать несмотря ни на что|tiếp tục bất chấp
print out|распечатать|in ra
prop up|подпереть|chống đỡ
pull apart|разорвать|kéo rách
pull in|прибыть / привлечь|đến nơi / thu hút
pull out of|выйти из|rút khỏi
pull together|собраться|đoàn kết
push around|помыкать|bắt nạt
push on|продолжать путь|đi tiếp
push over|опрокинуть|đẩy ngã
put down to|приписать|cho là do
put in for|подать заявку|nộp đơn xin
put off a guest|оттолкнуть гостя|làm khách cụt hứng
put on a show|устроить представление|diễn
put out feelers|прощупать почву|dò hỏi
put up for sale|выставить на продажу|rao bán
puzzle out|разгадать|giải được
quiet down|утихнуть|im dần
rack up|набрать|tích lũy
rake in|грести деньги|hốt bạc
rake up|ворошить прошлое|khơi lại
ramp up|нарастить|tăng tốc
rap out|отчеканить|nói gọn
rat on|донести|mách
rattle off|выпалить|nói một mạch
reach for|потянуться за|với lấy
read into|вчитывать|hiểu quá
reason with|урезонить|khuyên nhủ
reckon on|рассчитывать|trông vào
reel off|выпалить список|kể một hơi
rein in|сдержать|kiềm lại
render down|вытопить|nấu lấy
ride out|пережить|vượt qua
ring off|повесить трубку|cúp máy
rip up|разорвать|xé vụn
roll back|откатить|lùi lại
roll in|прибывать в большом числе|ùa đến
roll over|перевернуться|lăn qua
root for|болеть за|cổ vũ
root out|искоренить|nhổ tận gốc
rope in|втянуть|lôi vào
rough out|набросать|phác thảo
round off|закруглить|kết thúc tròn
round up|округлить / собрать|làm tròn / tập hợp
rub in|втирать / тыкать носом|xát vào / nhắc mãi
rule out a possibility|исключить возможность|loại khả năng
run for|баллотироваться|tranh cử
run into debt|влезть в долги|mắc nợ
run off|сбежать / отпечатать|bỏ chạy / in ra
run out|кончиться|hết sạch
run through a list|пробежать список|điểm danh
rush into|броситься в|lao vào
saddle with|взвалить|trút lên
sail through|легко пройти|vượt dễ dàng
save up for|копить на|dành dụm để
scale down|сократить масштаб|thu nhỏ
scare away|распугать|dọa đi
scoop up|подхватить|hốt lên
score out|вычеркнуть|gạch bỏ
scout around|поискать|lục tìm
scrape together|наскрести|góp nhặt
screen off|отгородить|ngăn lại
screw on|навинтить|vặn vào
seal off|оцеплять|phong tỏa
search for|искать|tìm kiếm
see into|разобраться в|nhìn vào
see out|проводить до конца|ở đến hết
seek out|разыскать|tìm cho ra
sell off|распродать|bán tháo
send in|представить|gửi vào
send on|переслать|chuyển tiếp
send out|разослать|gửi đi
serve up|подать на стол|dọn ra
set down in writing|записать|ghi thành văn
set in motion|запустить|khởi động
set off a alarm|включить сигнализацию|kích hoạt báo động
set out for|отправиться в|lên đường đến
settle on|остановиться на|chốt chọn
settle up|рассчитаться|thanh toán
shake up|встряхнуть|chấn chỉnh
shell out|выложить деньги|chi tiền
ship off|отправить|gửi đi
shoot down|сбить / раскритиковать|bắn hạ / bác bỏ
shop for|ходить за покупками|đi mua
shout down|перекричать|át tiếng
show in|провести внутрь|dẫn vào
show out|проводить к выходу|tiễn ra
shrug off a loss|отмахнуться от потери|bỏ qua thiệt hại
shut off|отключить|ngắt
shut up shop|закрыть лавочку|đóng cửa
side with|встать на сторону|về phe
sift through|просеять|sàng lọc
sign away|отказаться подписью|ký nhượng
sign for|расписаться в получении|ký nhận
sign off|закончить передачу|kết thúc
sign over|переписать на|sang tên
simmer down|остыть|bình tĩnh lại
single out for praise|выделить похвалой|khen riêng
sink in slowly|постепенно доходить|thấm dần
sit back|откинуться|ngồi dựa
sit for|позировать / сдавать экзамен|ngồi mẫu / thi
sit in on|присутствовать на|dự thính
sit on|зажимать / заседать|ghìm lại / ngồi trong
sit through|высидеть|ngồi hết
sit up|приподняться / не спать|ngồi dậy / thức
size up|оценить взглядом|đánh giá
sketch out|набросать|phác họa
skim through|просмотреть бегло|đọc lướt
slack off|сачковать|lơ là
slap on|налепить|dán vào
sleep off|отоспаться|ngủ cho qua
sleep on|переспать с мыслью|nghĩ qua đêm
slice off|отрезать|cắt lát
slip away|ускользнуть|lẻn đi
slip on|накинуть|mặc vội
slip out|выскользнуть / проговориться|lẻn ra / lỡ lời
slow up|замедлиться|chậm lại
smash in|высадить|đập vào
smell out|вынюхать|đánh hơi ra
smooth over|загладить|xoa dịu
snap at|огрызнуться|gắt
snap out of|выбраться из состояния|thoát khỏi
snap up a bargain|урвать выгодное|chộp món hời
sniff out|вынюхать|đánh hơi
snow under|завалить работой|ngập việc
soak up|впитывать|hấp thụ
sober up|протрезветь|tỉnh rượu
soldier on|продолжать несмотря ни на что|kiên trì
sort out a problem|решить проблему|giải quyết vấn đề
sound out|прощупать|dò ý
space out|расставить / отключиться|giãn ra / lơ đãng
speak for|говорить от имени|nói thay
speak of|говорить о|nói về
speed up a process|ускорить процесс|tăng tốc quá trình
spell out the rules|разъяснить правила|nói rõ quy tắc
spill out|выплеснуться|tràn ra
spin off|выделиться в отдельное|tách ra
spirit away|умыкнуть|cuỗm đi
splash out on|разориться на|chi mạnh cho
split up with|расстаться с|chia tay với
sponge off|жить за чужой счёт|ăn bám
spread out a map|разложить карту|trải bản đồ
spring from|происходить из|bắt nguồn
spur on|подстёгивать|thúc đẩy
spy on|шпионить|do thám
square up|рассчитаться|thanh toán
stack up against|выдерживать сравнение|so được với
stamp out a fire|затоптать огонь|dập lửa
stand about|стоять без дела|đứng không
stand for election|баллотироваться|ra tranh cử
stand out from|выделяться среди|nổi bật giữa
stand up for|заступиться за|bảo vệ
stand up to|выдержать / дать отпор|chịu đựng / chống lại
start over|начать сначала|làm lại từ đầu
stash away|припрятать|giấu đi
stay away|держаться подальше|tránh xa
stay over|переночевать|ở lại qua đêm
stay up late|засидеться допоздна|thức khuya
steal away|незаметно уйти|lẻn đi
step aside|отойти в сторону|tránh sang
step in for|заменить|thay thế
step on|наступить|giẫm lên
step out|выйти ненадолго|ra ngoài một lát
stick around|остаться|ở lại
stick by|остаться верным|ở bên
stick out for|настаивать на|đòi cho được
stick to a plan|держаться плана|giữ đúng kế hoạch
stick up|торчать|thò lên
stir in|вмешать|khuấy vào
stock up|запастись|tích trữ
stop over in|сделать остановку в|quá cảnh ở
store away|убрать на хранение|cất giữ
storm out|выскочить в гневе|hậm hực bỏ đi
straighten out|уладить|chỉnh lại
strike back|нанести ответный удар|đánh trả
strike up|завязать|bắt đầu
string along|водить за нос|dụ dỗ
strip off|раздеться|cởi bỏ
stub out|затушить|dập tắt
stuff up|забить / провалить|nhét kín / làm hỏng
stumble on|наткнуться|tình cờ thấy
subject to|подвергать|đưa vào
subscribe to|подписаться|đăng ký
suck up|подлизываться|nịnh bợ
sum up the talk|подвести итог беседы|tóm tắt cuộc nói
summon up|призвать / собраться с|gợi lên / lấy hết
surge in|хлынуть|ùa vào
swear by|клясться / доверять|thề / tin dùng
swear in|привести к присяге|tuyên thệ
sweep aside|отмести|gạt bỏ
sweep up|подмести|quét dọn
swell up|опухнуть|sưng lên
switch off the light|выключить свет|tắt đèn
swot up|зубрить|học gạo
tag along|увязаться|đi ké
tail off|сойти на нет|nhỏ dần
take after a parent|быть похожим на родителя|giống bố mẹ
take apart a machine|разобрать машину|tháo máy
take away from|убавлять|làm giảm
take back a remark|взять слова назад|rút lại lời nói
take down a note|записать заметку|ghi chú
take in a lodger|пустить жильца|cho ở trọ
take off from work|взять отгул|nghỉ làm
take on a job|взяться за работу|nhận việc
take out a loan|взять кредит|vay tiền
take over a company|поглотить компанию|thâu tóm công ty
take to someone's idea|проникнуться идеей|thích ý tưởng
take up a hobby|заняться хобби|theo đuổi sở thích
talk down|говорить свысока|nói khinh
talk over a problem|обсудить проблему|bàn vấn đề
talk round|уговорить|thuyết phục
tear apart|раздирать|xé nát
tear off|оторвать|xé ra
tee off|начать / разозлить|bắt đầu / chọc giận
tell off a child|отругать ребёнка|mắng trẻ
test out an idea|проверить идею|thử ý tưởng
thaw out|оттаять|tan băng
thin out|поредеть|thưa dần
think over a offer|обдумать предложение|suy nghĩ đề nghị
think through|продумать|nghĩ kỹ
think up an excuse|придумать отговорку|bịa cớ
thrash out|выяснить до конца|bàn cho ra lẽ
throw away a chance|упустить шанс|bỏ lỡ cơ hội
throw in|добавить в придачу|thêm vào
throw off a cold|оправиться от простуды|khỏi cảm
throw out a idea|отвергнуть идею|bác ý
throw together a meal|наскоро приготовить|nấu vội
throw up a job|бросить работу|bỏ việc
tick away|тикать|trôi đi
tick off a list|отметить в списке|đánh dấu danh sách
tide over a crisis|пережить кризис|qua khủng hoảng
tidy up|прибрать|dọn dẹp
tie in|увязываться|ăn khớp
tie up loose ends|увязать концы|xử lý nốt
tighten up|ужесточить|siết chặt
tip off the police|предупредить полицию|báo cảnh sát
tip over|опрокинуться|lật đổ
tire out|измотать|làm kiệt sức
tone down criticism|смягчить критику|giảm lời chê
top up|долить / пополнить|đổ thêm / nạp thêm
toss out|выбросить|vứt đi
touch down on|приземлиться на|hạ cánh xuống
touch on a subject|затронуть тему|đề cập chủ đề
touch up|подправить|chỉnh lại
track down a person|разыскать человека|tìm ra người
trade in a car|сдать машину в зачёт|đổi xe cũ
trade on|спекулировать на|lợi dụng
trail off|затихнуть|nhỏ dần
trip over|споткнуться|vấp
trip up|подловить|bắt bẻ
trot out|ввернуть заезженное|lặp lại sáo rỗng
try on clothes|примерить одежду|mặc thử đồ
try out for|пробоваться на роль|thi tuyển
tuck in a child|уложить ребёнка|đắp chăn cho trẻ
tumble down|рухнуть|đổ sập
tune in|настроиться|bắt sóng
tune out|отключиться|không nghe
turn against|восстать против|quay sang chống
turn away from|отвернуться от|quay đi
turn down an offer|отклонить предложение|từ chối lời mời
turn in a report|сдать отчёт|nộp báo cáo
turn into a habit|войти в привычку|thành thói quen
turn off the road|свернуть с дороги|rẽ khỏi đường
turn on the light|включить свет|bật đèn
turn out well|удаться|hóa ra tốt
turn over a page|перевернуть страницу|lật trang
turn to someone|обратиться к кому-то|quay sang ai đó
turn up late|явиться с опозданием|đến muộn
type up|напечатать набело|đánh máy
urge on|подгонять|thúc giục
use up the milk|израсходовать молоко|dùng hết sữa
usher in|ознаменовать|mở đầu
vacuum up|пропылесосить|hút bụi
veer off|свернуть|đổi hướng
venture on|рискнуть|liều làm
verge on|граничить с|gần như
vie for|соперничать за|tranh giành
visit with|пообщаться|nói chuyện với
vote down|провалить голосованием|bác bỏ
vote in|избрать|bầu vào
wade through|продираться|lần qua
wait on a customer|обслужить клиента|phục vụ khách
wait up for|не ложиться в ожидании|thức đợi
wake up early|проснуться рано|dậy sớm
walk away from|уйти от|bỏ đi khỏi
walk in on|застать врасплох|bắt gặp
walk off with|унести|lấy đi
walk out on|бросить|bỏ rơi
warm to|проникнуться|dần thích
warm up food|разогреть еду|hâm đồ ăn
warn off|предостеречь|cảnh báo tránh
wash away|смыть|cuốn trôi
wash down|запить|uống kèm
wash out|смыться / отменить|phai / hủy vì mưa
wash up the dishes|помыть посуду|rửa bát đĩa
waste away|чахнуть|teo tóp
watch out for cars|беречься машин|coi chừng xe
watch over a baby|присмотреть за малышом|trông em bé
water down|разбавить|pha loãng
wave down|остановить взмахом|vẫy xe
wave off a idea|отмахнуться от идеи|gạt ý
wear away the stone|источить камень|mài mòn đá
wear down|измотать|làm mòn
wear off the effect|действие проходит|tác dụng mất
wear out shoes|сносить обувь|mòn giày
weed out candidates|отсеять кандидатов|loại ứng viên
weigh down|обременять|đè nặng
weigh in|вмешаться с мнением|nêu ý kiến
weigh on|тяготить|đè nặng lên
weigh out|отвесить|cân ra
weigh up the options|взвесить варианты|cân nhắc lựa chọn
while away the time|скоротать время|giết thời gian
whip up|наскоро приготовить / разжечь|làm vội / khơi dậy
win back trust|вернуть доверие|lấy lại lòng tin
win over the crowd|перетянуть толпу|thuyết phục đám đông
wind down|затихать / расслабиться|chậm lại / thư giãn
wind up a meeting|закончить собрание|kết thúc họp
wipe off the table|вытереть стол|lau bàn
wipe out a debt|списать долг|xóa nợ
wire up|подключить проводами|nối dây
wise up|образумиться|khôn ra
wish away|отмахнуться желанием|ước cho mất
wolf down|уплетать|ăn ngấu nghiến
work off a debt|отработать долг|làm trả nợ
work on a project|работать над проектом|làm dự án
work out the answer|вычислить ответ|tính ra đáp án
work up|развить / возбудить|gây dựng / kích động
worm out|выведать|moi ra
wrap up a deal|завершить сделку|chốt thỏa thuận
wring out|выжать|vắt
write down a name|записать имя|ghi tên
write off a car|списать машину|bỏ xe
write up a report|написать отчёт|viết báo cáo
yield to|уступить|nhường
zero in|прицелиться|nhắm trúng
zip up|застегнуть молнию|kéo khóa
zoom in on|приблизить|phóng vào
zone out during class|отключиться на уроке|mơ màng trong lớp
back up a file|сделать копию файла|sao lưu tệp
log in to the site|войти на сайт|đăng nhập trang
sign up for a class|записаться на курс|đăng ký lớp
set up a meeting|назначить встречу|sắp xếp cuộc họp
find out the truth|выяснить правду|tìm ra sự thật
give up smoking|бросить курить|bỏ hút thuốc
look forward to the trip|ждать поездку|mong chuyến đi
run out of time|время вышло|hết thời gian
get along with neighbors|ладить с соседями|hòa thuận với hàng xóm
put up with noise|терпеть шум|chịu tiếng ồn
come up with a plan|придумать план|nghĩ ra kế hoạch
break down on the road|сломаться в пути|hỏng giữa đường
check in at the hotel|зарегистрироваться в отеле|nhận phòng khách sạn
drop off a package|оставить посылку|gửi bưu kiện
fill out a form|заполнить бланк|điền mẫu đơn
grow up in a city|вырасти в городе|lớn lên ở thành phố
hand in homework|сдать домашку|nộp bài tập
keep up with the news|следить за новостями|theo kịp tin
make up a story|выдумать историю|bịa chuyện
point out the exit|указать выход|chỉ lối ra
show up on time|прийти вовремя|có mặt đúng giờ
take off your shoes|сними обувь|cởi giày
turn down the offer|отклонить предложение|từ chối lời đề nghị
wake up at seven|проснуться в семь|thức dậy lúc bảy giờ
work out at the gym|тренироваться в зале|tập ở phòng gym
calm down please|успокойся, пожалуйста|bình tĩnh lại
figure out the problem|разобраться в проблеме|tìm ra vấn đề
get rid of waste|избавиться от мусора|loại bỏ rác
look after the dog|присмотреть за собакой|trông con chó
put on a coat|надеть пальто|mặc áo khoác
take part in a game|участвовать в игре|tham gia trò chơi
throw away the trash|выбросить мусор|vứt rác
try on this shirt|примерь эту рубашку|mặc thử áo này
watch out for ice|берегись льда|coi chừng băng
write down the address|запиши адрес|ghi địa chỉ
call off the meeting|отменить встречу|hủy cuộc họp
carry out a task|выполнить задачу|thực hiện nhiệm vụ
catch up with a friend|догнать друга|bắt kịp bạn
deal with a customer|разобраться с клиентом|xử lý khách hàng
end up late|в итоге опоздать|cuối cùng thì muộn
get over a cold|оправиться от простуды|khỏi cảm
go through the papers|просмотреть бумаги|xem giấy tờ
hold on a minute|подожди минуту|khoan một phút
let down a friend|подвести друга|làm bạn thất vọng
pay back the loan|вернуть заём|trả khoản vay
set off early|выехать рано|khởi hành sớm
sort out the mess|разобрать беспорядок|giải quyết đống lộn xộn
stand for a idea|означать идею|đại diện cho ý
stick to the rules|держаться правил|giữ đúng quy tắc
turn into a problem|превратиться в проблему|biến thành vấn đề
use up the battery|разрядить батарею|dùng hết pin
break up with someone|расстаться с кем-то|chia tay ai đó
bring up a child|воспитать ребёнка|nuôi dạy trẻ
come across an old photo|натолкнуться на старое фото|tình cờ thấy ảnh cũ
cut down on sugar|сократить сахар|cắt giảm đường
fall apart under stress|развалиться от стресса|tan rã vì căng thẳng
get away for the weekend|уехать на выходные|đi nghỉ cuối tuần
give in to pressure|уступить давлению|nhượng bộ áp lực
go ahead with the plan|приступать к плану|tiến hành kế hoạch
hang out with friends|тусоваться с друзьями|đi chơi với bạn
keep on trying|продолжать пытаться|cứ tiếp tục thử
look up to a teacher|уважать учителя|ngưỡng mộ thầy
move in together|съехаться|dọn đến ở cùng
own up to a mistake|признать ошибку|thú nhận lỗi
pick on a classmate|придираться к однокласснику|bắt nạt bạn học
run into an old friend|встретить старого друга|tình cờ gặp bạn cũ
settle down in a town|осесть в городе|ổn định ở thị trấn
show off a skill|показать умение|khoe kỹ năng
slow down the car|замедлить машину|giảm tốc xe
speak up in class|высказаться на уроке|nói trong lớp
take over the shop|взять магазин на себя|tiếp quản cửa hàng
throw up after a meal|стошнить после еды|nôn sau bữa ăn
turn out to be true|оказаться правдой|hóa ra là đúng
walk out of the room|выйти из комнаты|bỏ ra khỏi phòng
warm up before sport|размяться перед спортом|khởi động trước khi tập
wear out quickly|быстро изнашиваться|mau mòn
wipe out the board|стереть доску|xóa bảng
wrap up the gift|завернуть подарок|gói quà
account for the delay|объяснить задержку|giải thích sự chậm trễ
act on advice|последовать совету|làm theo lời khuyên
add up the bill|сложить счёт|cộng hóa đơn
agree with the idea|согласиться с идеей|đồng ý ý tưởng
apply for a job|подавать на работу|nộp đơn xin việc
ask for help|просить о помощи|xin giúp
believe in yourself|верить в себя|tin vào bản thân
belong to a club|состоять в клубе|thuộc câu lạc bộ
care for the sick|ухаживать за больными|chăm người ốm
come down with the flu|заболеть гриппом|mắc cúm
consist of three parts|состоять из трёх частей|gồm ba phần
cope with stress|справляться со стрессом|đối phó căng thẳng
count on a friend|рассчитывать на друга|trông cậy vào bạn
depend on the weather|зависеть от погоды|phụ thuộc thời tiết
do without coffee|обойтись без кофе|không cần cà phê
dream of traveling|мечтать о путешествиях|mơ đi du lịch
engage in sport|заниматься спортом|chơi thể thao
face up to the truth|признать правду|đối mặt sự thật
fall behind the class|отстать от класса|tụt lại lớp
feel up to a walk|быть в силах гулять|đủ sức đi dạo
focus on the task|сосредоточиться на задаче|tập trung nhiệm vụ
get across an idea|донести мысль|truyền đạt ý
get ahead in life|преуспеть в жизни|vươn lên trong đời
insist on quality|настаивать на качестве|khăng khăng chất lượng
lead to success|вести к успеху|dẫn đến thành công
live up to expectations|оправдать ожидания|đáp ứng kỳ vọng
look into the case|расследовать дело|xem xét vụ việc
rely on public transport|полагаться на транспорт|dựa vào phương tiện công cộng
result in a delay|привести к задержке|dẫn tới sự chậm trễ
see to the details|позаботиться о деталях|lo chi tiết
stick up for a friend|заступиться за друга|bảo vệ bạn
sum up the lesson|подвести итог урока|tóm tắt bài học
take down the notes|записать конспект|ghi chép
talk into buying|уговорить купить|thuyết phục mua
think ahead about money|думать о деньгах заранее|nghĩ trước về tiền
turn down the music|сделай музыку тише|vặn nhỏ nhạc
work out a solution|найти решение|tìm giải pháp
