spoonful|ложка|một thìa
tablespoon|столовая ложка|thìa canh
teaspoon|чайная ложка|thìa cà phê
napkin|салфетка|khăn ăn
placemat|салфетка под тарелку|tấm lót bàn
tablecloth|скатерть|khăn trải bàn
saucepan|кастрюля|nồi
frying pan|сковорода|chảo
kettle|чайник|ấm đun
teapot|заварочный чайник|ấm trà
mug|кружка|cốc
glass of water|стакан воды|ly nước
pitcher|кувшин|bình
colander|дуршлаг|rổ lọc
cutting board|разделочная доска|thớt
ladle|половник|muôi
spatula|лопатка|xẻng lật
whisk|венчик|dụng cụ đánh
grater|тёрка|bàn nạo
peeler|овощечистка|dao bào
can opener|открывашка|đồ khui
corkscrew|штопор|cái mở nút
tray|поднос|khay
coaster|подставка под стакан|đế lót ly
dishwasher|посудомойка|máy rửa bát
detergent|моющее средство|nước rửa
sponge|губка|miếng bọt biển
broom|метла|chổi
dustpan|совок|xẻng hốt rác
mop|швабра|cây lau nhà
bucket|ведро|xô
vacuum cleaner|пылесос|máy hút bụi
ironing board|гладильная доска|bàn ủi
iron|утюг|bàn là
laundry|стирка|đồ giặt
washing machine|стиральная машина|máy giặt
dryer|сушилка|máy sấy
clothesline|верёвка для белья|dây phơi
clothespin|прищепка|kẹp quần áo
hanger|вешалка|móc áo
wardrobe|гардероб|tủ quần áo
dresser|комод|tủ ngăn kéo
nightstand|тумбочка|tủ đầu giường
mattress|матрас|đệm
sheet|простыня|ga trải giường
duvet|пуховое одеяло|chăn dày
bedspread|покрывало|tấm phủ giường
alarm clock|будильник|đồng hồ báo thức
curtain rod|карниз|thanh treo rèm
blinds|жалюзи|rèm cuốn
doormat|коврик у двери|thảm cửa
doorbell|дверной звонок|chuông cửa
peephole|глазок|lỗ nhìn
hinge|петля|bản lề
handle|ручка|tay cầm
knob|круглая ручка|núm
deadbolt|засов|then cửa
mailbox|почтовый ящик|hòm thư
doorbell button|кнопка звонка|nút chuông
light switch|выключатель|công tắc
socket|розетка|ổ cắm
plug|вилка|phích cắm
extension cord|удлинитель|dây nối
light bulb|лампочка|bóng đèn
flashlight|фонарик|đèn pin
candle|свеча|nến
match|спичка|que diêm
lighter|зажигалка|bật lửa
battery|батарейка|pin
charger|зарядка|bộ sạc
remote control|пульт|điều khiển từ xa
speaker|колонка|loa
headphones|наушники|tai nghe
microphone|микрофон|micro
camera|камера|máy ảnh
lens|объектив|ống kính
screen|экран|màn hình
keyboard|клавиатура|bàn phím
mouse|мышь|chuột
printer|принтер|máy in
scanner|сканер|máy quét
router|роутер|bộ định tuyến
cable|кабель|dây cáp
adapter|адаптер|bộ chuyển
password|пароль|mật khẩu
username|имя пользователя|tên đăng nhập
account|учётная запись|tài khoản
website|сайт|trang web
browser|браузер|trình duyệt
link|ссылка|liên kết
file|файл|tệp
folder|папка|thư mục
attachment|вложение|tệp đính kèm
inbox|входящие|hộp thư đến
spam|спам|thư rác
notification|уведомление|thông báo
app icon|значок приложения|biểu tượng ứng dụng
update|обновление|bản cập nhật
settings|настройки|cài đặt
battery life|время работы батареи|thời lượng pin
signal|сигнал|tín hiệu
coverage|покрытие|vùng phủ sóng
airplane mode|режим полёта|chế độ máy bay
screenshot|снимок экрана|ảnh chụp màn hình
bookmark|закладка|dấu trang
history|история|lịch sử
download folder|папка загрузок|thư mục tải về
cloud storage|облачное хранилище|lưu trữ đám mây
backup|резервная копия|bản sao lưu
virus|вирус|vi-rút
password reset|сброс пароля|đặt lại mật khẩu
invoice|счёт-фактура|hóa đơn
receipt number|номер чека|số hóa đơn
discount|скидка|giảm giá
bargain|выгодная покупка|món hời
refund|возврат денег|hoàn tiền
exchange|обмен|đổi hàng
warranty|гарантия|bảo hành
queue|очередь|hàng đợi
cashier|кассир|thu ngân
shopping cart|тележка|xe đẩy
basket|корзина|giỏ
shelf price|цена на полке|giá trên kệ
barcode|штрихкод|mã vạch
loyalty card|карта лояльности|thẻ thành viên
cash register|касса|máy tính tiền
change|сдачу|tiền thối
coin|монета|đồng xu
banknote|купюра|tờ tiền
wallet|кошелёк|ví
purse|дамская сумка|túi xách
backpack|рюкзак|ba lô
suitcase|чемодан|vali
luggage|багаж|hành lý
passport|паспорт|hộ chiếu
visa|виза|thị thực
boarding pass|посадочный талон|thẻ lên máy bay
customs|таможня|hải quan
security check|досмотр|kiểm tra an ninh
gate|выход на посадку|cổng
runway|взлётная полоса|đường băng
flight|рейс|chuyến bay
delay|задержка|sự chậm trễ
departure|отправление|khởi hành
arrival|прибытие|đến nơi
platform|платформа|sân ga
carriage|вагон|toa tàu
seat|место|chỗ ngồi
aisle|проход|lối đi
window seat|место у окна|ghế cạnh cửa sổ
timetable|расписание|thời gian biểu
fare|стоимость проезда|tiền vé
commute|поездка на работу|đi làm
traffic jam|пробка|kẹt xe
crosswalk|пешеходный переход|vạch sang đường
sidewalk|тротуар|vỉa hè
intersection|перекрёсток|ngã tư
roundabout|круговое движение|bùng binh
traffic light|светофор|đèn giao thông
speed limit|ограничение скорости|giới hạn tốc độ
parking lot|парковка|bãi đỗ xe
parking meter|паркомат|đồng hồ đỗ xe
gas station|заправка|cây xăng
fuel|топливо|nhiên liệu
engine|двигатель|động cơ
steering wheel|руль|vô lăng
brake|тормоз|phanh
accelerator|педаль газа|chân ga
headlight|фара|đèn pha
windshield|лобовое стекло|kính chắn gió
wiper|дворник|cần gạt mưa
tire|шина|lốp
spare tire|запаска|lốp dự phòng
trunk|багажник|cốp xe
hood|капот|nắp capo
bumper|бампер|cản xe
license plate|номерной знак|biển số
seat belt|ремень безопасности|dây an toàn
airbag|подушка безопасности|túi khí
horn|гудок|còi
mirror|зеркало заднего вида|gương chiếu hậu
dashboard|приборная панель|bảng đồng hồ
gear|передача|số
clutch|сцепление|côn
motorcycle|мотоцикл|xe máy
bicycle|велосипед|xe đạp
helmet|шлем|mũ bảo hiểm
scooter|самокат|xe tay ga
subway|метро|tàu điện ngầm
tram|трамвай|xe điện
ferry|паром|phà
harbor|гавань|bến cảng
pier|причал|cầu tàu
anchor|якорь|mỏ neo
sail|парус|cánh buồm
deck|палуба|boong tàu
cabin|каюта|khoang
life jacket|спасательный жилет|áo phao
map|карта|bản đồ
compass|компас|la bàn
route|маршрут|tuyến đường
shortcut|короткий путь|đường tắt
destination|пункт назначения|điểm đến
landmark|ориентир|địa danh
neighborhood|район|khu phố
suburb|пригород|ngoại ô
downtown|центр города|trung tâm thành phố
outskirts|окраина|vùng ven
block|квартал|dãy nhà
alley|переулок|hẻm
square|площадь|quảng trường
fountain|фонтан|đài phun nước
statue|статуя|tượng
monument|памятник|đài tưởng niệm
bridge|мост|cầu
tunnel|тоннель|đường hầm
highway|шоссе|đường cao tốc
overpass|эстакада|cầu vượt
underpass|подземный переход|hầm chui
construction site|стройка|công trường
scaffold|леса|giàn giáo
crane|кран|cần cẩu
brick|кирпич|gạch
cement|цемент|xi măng
concrete|бетон|bê tông
nail|гвоздь|đinh
screw|шуруп|ốc vít
hammer|молоток|búa
screwdriver|отвёртка|tua vít
wrench|гаечный ключ|cờ lê
pliers|плоскогубцы|kìm
drill|дрель|máy khoan
saw|пила|cưa
tape measure|рулетка|thước dây
level|уровень|thước thủy
paintbrush|кисть|cọ sơn
paint|краска|sơn
ladder|лестница-стремянка|thang
toolbox|ящик для инструментов|hộp dụng cụ
glove|перчатка|găng tay
mask|маска|khẩu trang
goggles|защитные очки|kính bảo hộ
uniform|форма|đồng phục
apron|фартук|tạp dề
helmet strap|ремешок шлема|quai mũ
toolbox drawer|ящик инструмента|ngăn dụng cụ
workshop|мастерская|xưởng
factory|фабрика|nhà máy
warehouse|склад|kho
office|офис|văn phòng
cubicle|кабинка|ô làm việc
receptionist|администратор|lễ tân
manager|менеджер|quản lý
employee|сотрудник|nhân viên
employer|работодатель|người sử dụng lao động
coworker|коллега|đồng nghiệp
intern|стажёр|thực tập sinh
shift|смена|ca làm
overtime|сверхурочные|làm thêm giờ
salary slip|расчётный лист|phiếu lương
tax|налог|thuế
bonus|премия|thưởng
promotion|повышение|thăng chức
resignation|увольнение по собственному|đơn từ chức
interview|собеседование|phỏng vấn
resume|резюме|sơ yếu lý lịch
vacancy|вакансия|chỗ trống
deadline|срок|hạn chót
meeting room|переговорная|phòng họp
agenda|повестка|chương trình họp
minutes|протокол|biên bản
presentation|презентация|bài thuyết trình
slide|слайд|trang chiếu
projector|проектор|máy chiếu
whiteboard|доска|bảng trắng
marker|маркер|bút dạ
sticky note|стикер|giấy nhớ
stapler|степлер|dập ghim
paper clip|скрепка|kẹp giấy
envelope|конверт|phong bì
stamp|марка|tem
parcel|посылка|bưu kiện
post office|почта|bưu điện
courier|курьер|người giao hàng
signature|подпись|chữ ký
contract|договор|hợp đồng
clause|пункт договора|điều khoản
agreement|соглашение|thỏa thuận
invoice date|дата счёта|ngày hóa đơn
budget|бюджет|ngân sách
expense|расход|chi phí
income|доход|thu nhập
profit|прибыль|lợi nhuận
loss|убыток|thua lỗ
loan|заём|khoản vay
interest rate|процентная ставка|lãi suất
mortgage|ипотека|thế chấp
savings|сбережения|tiền tiết kiệm
account balance|баланс|số dư
transfer|перевод|chuyển khoản
ATM|банкомат|máy ATM
branch|отделение банка|chi nhánh
teller|кассир банка|giao dịch viên
checkbook|чековая книжка|sổ séc
debit card|дебетовая карта|thẻ ghi nợ
credit card|кредитная карта|thẻ tín dụng
PIN|ПИН-код|mã PIN
fraud|мошенничество|gian lận
insurance|страховка|bảo hiểm
policy|полис|hợp đồng bảo hiểm
claim|страховой случай|yêu cầu bồi thường
premium|страховой взнос|phí bảo hiểm
lawyer|адвокат|luật sư
court|суд|tòa án
judge|судья|thẩm phán
jury|присяжные|bồi thẩm đoàn
witness|свидетель|nhân chứng
defendant|подсудимый|bị cáo
plaintiff|истец|nguyên đơn
verdict|вердикт|phán quyết
fine|штраф|tiền phạt
sentence|приговор|bản án
prison|тюрьма|nhà tù
crime|преступление|tội phạm
theft|кража|trộm cắp
robbery|ограбление|cướp
fraud case|дело о мошенничестве|vụ gian lận
evidence|улика|bằng chứng
alibi|алиби|chứng cứ ngoại phạm
bail|залог|tiền bảo lãnh
handcuffs|наручники|còng tay
siren|сирена|còi hú
police officer|полицейский|cảnh sát
firefighter|пожарный|lính cứu hỏa
paramedic|фельдшер|nhân viên cấp cứu
ambulance siren|сирена скорой|còi xe cứu thương
emergency|чрезвычайная ситуация|tình huống khẩn cấp
first aid|первая помощь|sơ cứu
bandage|бинт|băng
plaster|пластырь|băng dán
ointment|мазь|thuốc mỡ
pill|таблетка|viên thuốc
syrup|сироп|siro
injection|укол|mũi tiêm
syringe|шприц|ống tiêm
prescription|рецепт|đơn thuốc
pharmacy|аптека|nhà thuốc
pharmacist|фармацевт|dược sĩ
symptom|симптом|triệu chứng
fever|жар|sốt
cough|кашель|ho
sneeze|чихание|hắt hơi
headache|головная боль|đau đầu
stomachache|боль в животе|đau bụng
toothache|зубная боль|đau răng
sore throat|боль в горле|đau họng
allergy|аллергия|dị ứng
asthma|астма|hen
diabetes|диабет|tiểu đường
blood pressure|давление|huyết áp
pulse|пульс|mạch
temperature|температура|nhiệt độ
thermometer|градусник|nhiệt kế
X-ray|рентген|chụp X-quang
cast|гипс|bó bột
crutch|костыль|nạng
wheelchair|инвалидная коляска|xe lăn
stretcher|носилки|cáng
operating room|операционная|phòng mổ
surgeon|хирург|bác sĩ phẫu thuật
nurse|медсестра|y tá
patient|пациент|bệnh nhân
appointment|запись к врачу|lịch hẹn
clinic|клиника|phòng khám
hospital ward|палата|buồng bệnh
waiting room|приёмная|phòng chờ
diagnosis|диагноз|chẩn đoán
treatment|лечение|điều trị
recovery|выздоровление|hồi phục
painkiller|обезболивающее|thuốc giảm đau
antibiotic|антибиотик|kháng sinh
vitamin|витамин|vitamin
dose|доза|liều
side effect|побочный эффект|tác dụng phụ
infection|инфекция|nhiễm trùng
wound|рана|vết thương
bruise|синяк|vết bầm
burn|ожог|bỏng
fracture|перелом|gãy xương
sprain|растяжение|bong gân
cut|порез|vết cắt
bleeding|кровотечение|chảy máu
dizzy|головокружение|chóng mặt
nausea|тошнота|buồn nôn
rash|сыпь|phát ban
itch|зуд|ngứa
swelling|отёк|sưng
scar|шрам|sẹo
dentist|стоматолог|nha sĩ
filling|пломба|trám răng
braces|брекеты|niềng răng
gum|десна|nướu
tongue|язык|lưỡi
lip|губа|môi
cheek|щека|má
chin|подбородок|cằm
forehead|лоб|trán
eyebrow|бровь|lông mày
eyelash|ресница|lông mi
jaw|челюсть|hàm
neck|шея|cổ
shoulder|плечо|vai
elbow|локоть|khuỷu tay
wrist|запястье|cổ tay
palm|ладонь|lòng bàn tay
fist|кулак|nắm tay
thumb|большой палец|ngón cái
finger|палец|ngón tay
fingernail|ноготь|móng tay
knuckle|костяшка|đốt ngón
chest|грудь|ngực
waist|талия|eo
hip|бедро|hông
thigh|ляжка|đùi
knee|колено|đầu gối
shin|голень|ống chân
calf|икра|bắp chân
ankle bone|лодыжка|mắt cá
heel|пятка|gót chân
toe|палец ноги|ngón chân
sole|подошва|lòng bàn chân
spine|позвоночник|cột sống
rib|ребро|xương sườn
skull|череп|hộp sọ
muscle|мышца|cơ
bone|кость|xương
joint|сустав|khớp
skin|кожа|da
vein|вена|tĩnh mạch
artery|артерия|động mạch
lung|лёгкое|phổi
liver|печень|gan
kidney|почка|thận
stomach|желудок|dạ dày
intestine|кишечник|ruột
brain|мозг|não
heart|сердце|tim
nerve|нерв|dây thần kinh
blood|кровь|máu
sweat|пот|mồ hôi
tear|слеза|nước mắt
breath|дыхание|hơi thở
beard|борода|râu
mustache|усы|ria
wrinkle|морщина|nếp nhăn
freckle|веснушка|tàn nhang
mole|родинка|nốt ruồi
bald|лысый|hói
ponytail|хвост|đuôi ngựa
braid|коса|bím tóc
haircut|стрижка|kiểu tóc
shampoo|шампунь|dầu gội
conditioner|кондиционер для волос|dầu xả
comb|расчёска|lược
brush|щётка|bàn chải
toothpaste|зубная паста|kem đánh răng
toothbrush|зубная щётка|bàn chải đánh răng
floss|зубная нить|chỉ nha khoa
razor|бритва|dao cạo
shave|бритьё|cạo râu
deodorant|дезодорант|khử mùi
perfume|духи|nước hoa
makeup|макияж|trang điểm
lipstick|помада|son
mascara|тушь|mascara
nail polish|лак для ногтей|sơn móng
cream|крем|kem
lotion|лосьон|sữa dưỡng
sunscreen|солнцезащитный крем|kem chống nắng
towel rack|держатель полотенец|giá khăn
bathrobe|халат|áo choàng tắm
slippers|тапочки|dép đi trong nhà
pajamas|пижама|đồ ngủ
underwear|нижнее бельё|đồ lót
socks|носки|tất
tights|колготки|quần tất
stockings|чулки|tất dài
bra|бюстгальтер|áo ngực
belt|ремень|thắt lưng
tie|галстук|cà vạt
scarf|шарф|khăn choàng
gloves pair|пара перчаток|đôi găng
hat|шляпа|mũ
cap|кепка|mũ lưỡi trai
hood|капюшон|mũ trùm
coat|пальто|áo khoác dài
jacket|куртка|áo khoác
raincoat|плащ|áo mưa
boots|сапоги|ủng
sneakers|кроссовки|giày thể thao
sandals|сандалии|dép xăng đan
heels|каблуки|giày cao gót
slippers pair|пара тапочек|đôi dép
zipper|молния|khóa kéo
button|пуговица|cúc áo
pocket|карман|túi áo
sleeve|рукав|tay áo
collar|воротник|cổ áo
hem|подол|gấu áo
seam|шов|đường may
fabric|ткань|vải
cotton|хлопок|cotton
wool|шерсть|len
silk|шёлк|lụa
leather|кожа|da thuộc
denim|джинсовая ткань|vải bò
linen|лён|vải lanh
polyester|полиэстер|polyester
pattern|узор|họa tiết
stripe|полоска|sọc
dot|горошек|chấm bi
plain|однотонный|trơn
size label|ярлык размера|nhãn cỡ
fitting room|примерочная|phòng thử đồ
tailor|портной|thợ may
dry cleaner|химчистка|giặt khô
laundry basket|корзина для белья|giỏ đồ giặt
iron mark|метка глажки|ký hiệu ủi
shrink|сесть после стирки|co lại
stain|пятно|vết bẩn
wrinkle free|немнущийся|không nhăn
outfit|наряд|bộ đồ
costume|костюм|trang phục
suit|костюм-двойка|bộ vest
blouse|блузка|áo kiểu
sweater|свитер|áo len
hoodie|толстовка|áo hoodie
vest|жилет|áo gile
shorts|шорты|quần short
skirt|юбка|váy
dress|платье|váy liền
trousers|брюки|quần tây
jeans|джинсы|quần jean
leggings|леггинсы|quần legging
uniform shirt|форменная рубашка|áo đồng phục
school bag|школьный рюкзак|cặp sách
textbook|учебник|sách giáo khoa
workbook|рабочая тетрадь|sách bài tập
notebook page|страница тетради|trang vở
pencil case|пенал|hộp bút
ruler|линейка|thước kẻ
eraser|ластик|cục tẩy
sharpener|точилка|gọt bút
highlighter|маркер-выделитель|bút nhớ dòng
calculator|калькулятор|máy tính bỏ túi
dictionary|словарь|từ điển
encyclopedia|энциклопедия|bách khoa toàn thư
library card|читательский билет|thẻ thư viện
bookshelf|книжная полка|kệ sách
chapter|глава|chương
paragraph|абзац|đoạn văn
sentence|предложение|câu
word|слово|từ
letter|буква|chữ cái
spelling|правописание|chính tả
grammar rule|правило грамматики|quy tắc ngữ pháp
pronunciation|произношение|cách phát âm
accent|акцент|giọng
dialect|диалект|phương ngữ
translation|перевод|bản dịch
meaning|значение|nghĩa
example sentence|пример|câu ví dụ
exercise|упражнение|bài tập
homework|домашнее задание|bài tập về nhà
test|тест|bài kiểm tra
exam|экзамен|kỳ thi
grade|оценка|điểm
pass mark|проходной балл|điểm đậu
fail|провал|trượt
certificate|сертификат|chứng chỉ
diploma|диплом|bằng
degree|степень|bằng cấp
scholarship|стипендия|học bổng
tuition|плата за обучение|học phí
campus|кампус|khuôn viên
dormitory|общежитие|ký túc xá
lecture|лекция|bài giảng
seminar|семинар|hội thảo
professor|профессор|giáo sư
lecturer|преподаватель|giảng viên
classmate|одноклассник|bạn cùng lớp
principal|директор школы|hiệu trưởng
timetable of classes|расписание уроков|thời khóa biểu
subject|предмет|môn học
math|математика|toán
science|естествознание|khoa học
history subject|история|lịch sử
geography|география|địa lý
literature|литература|văn học
physics|физика|vật lý
chemistry|химия|hóa học
biology|биология|sinh học
art class|урок рисования|giờ mỹ thuật
music class|урок музыки|giờ âm nhạc
physical education|физкультура|thể dục
foreign language|иностранный язык|ngoại ngữ
laboratory|лаборатория|phòng thí nghiệm
experiment|опыт|thí nghiệm
hypothesis|гипотеза|giả thuyết
result of a test|результат теста|kết quả bài kiểm tra
microscope|микроскоп|kính hiển vi
telescope|телескоп|kính thiên văn
magnet|магнит|nam châm
battery cell|элемент питания|pin
circuit|цепь|mạch điện
voltage|напряжение|điện áp
current|ток|dòng điện
resistance|сопротивление|điện trở
atom|атом|nguyên tử
molecule|молекула|phân tử
cell|клетка|tế bào
gene|ген|gen
evolution|эволюция|tiến hóa
gravity|гравитация|trọng lực
orbit|орбита|quỹ đạo
planet|планета|hành tinh
star|звезда|ngôi sao
moon|луна|mặt trăng
sun|солнце|mặt trời
galaxy|галактика|thiên hà
universe|вселенная|vũ trụ
satellite|спутник|vệ tinh
rocket|ракета|tên lửa
astronaut|космонавт|phi hành gia
space station|космическая станция|trạm vũ trụ
eclipse|затмение|nhật thực
comet|комета|sao chổi
meteor|метеорит|sao băng
constellation|созвездие|chòm sao
horizon|горизонт|chân trời
equator|экватор|xích đạo
pole|полюс|cực
continent|континент|lục địa
ocean|океан|đại dương
sea|море|biển
coast|побережье|bờ biển
island|остров|đảo
peninsula|полуостров|bán đảo
bay|залив|vịnh
strait|пролив|eo biển
river|река|sông
stream|ручей|suối
lake|озеро|hồ
pond|пруд|ao
waterfall|водопад|thác nước
spring of water|источник|mạch nước
valley|долина|thung lũng
hill|холм|đồi
mountain|гора|núi
peak|вершина|đỉnh
slope|склон|sườn
cliff|утёс|vách đá
cave|пещера|hang
desert|пустыня|sa mạc
forest|лес|rừng
jungle|джунгли|rừng nhiệt đới
meadow|луг|đồng cỏ
field|поле|cánh đồng
farm|ферма|nông trại
orchard|сад фруктовый|vườn cây ăn quả
vineyard|виноградник|vườn nho
crop|урожай|mùa màng
harvest|жатва|mùa gặt
seed|семя|hạt giống
soil|почва|đất
mud|грязь|bùn
sand|песок|cát
pebble|галька|sỏi
rock|камень|đá
clay|глина|đất sét
dust|пыль|bụi
ash|пепел|tro
smoke|дым|khói
flame|пламя|ngọn lửa
spark|искра|tia lửa
steam|пар|hơi nước
ice|лёд|băng
snowflake|снежинка|bông tuyết
frost|мороз|sương giá
hail|град|mưa đá
thunder|гром|sấm
lightning|молния|chớp
rainbow|радуга|cầu vồng
fog|туман|sương mù
mist|дымка|sương mờ
breeze|бриз|gió nhẹ
gale|штормовой ветер|gió mạnh
hurricane|ураган|bão lớn
tornado|торнадо|lốc xoáy
earthquake|землетрясение|động đất
flood|наводнение|lũ lụt
drought|засуха|hạn hán
wildfire|лесной пожар|cháy rừng
volcano|вулкан|núi lửa
lava|лава|dung nham
glacier|ледник|sông băng
tide|прилив|thủy triều
wave|волна|sóng
current of water|течение|dòng chảy
shore|берег|bờ
beach|пляж|bãi biển
shell|ракушка|vỏ sò
seaweed|водоросли|rong biển
coral|коралл|san hô
reef|риф|rạn san hô
dolphin|дельфин|cá heo
whale|кит|cá voi
shark|акула|cá mập
octopus|осьминог|bạch tuộc
jellyfish|медуза|sứa
crab|краб|cua
shrimp|креветка|tôm
lobster|омар|tôm hùm
oyster|устрица|hàu
seagull|чайка|mòng biển
penguin|пингвин|chim cánh cụt
eagle|орёл|đại bàng
owl|сова|cú
sparrow|воробей|chim sẻ
crow|ворона|quạ
pigeon|голубь|bồ câu
parrot|попугай|vẹt
swan|лебедь|thiên nga
duck|утка|vịt
goose|гусь|ngỗng
hen|курица|gà mái
rooster|петух|gà trống
chick|цыплёнок|gà con
turkey|индейка|gà tây
cow|корова|bò
bull|бык|bò đực
calf animal|телёнок|bê
horse|лошадь|ngựa
foal|жеребёнок|ngựa con
donkey|осёл|lừa
sheep|овца|cừu
lamb|ягнёнок|cừu non
goat|коза|dê
pig|свинья|lợn
piglet|поросёнок|lợn con
rabbit|кролик|thỏ
mouse animal|мышь|chuột nhắt
rat|крыса|chuột cống
squirrel|белка|sóc
fox|лиса|cáo
wolf|волк|sói
bear|медведь|gấu
deer|олень|hươu
moose|лось|nai sừng tấm
monkey|обезьяна|khỉ
gorilla|горилла|khỉ đột
elephant|слон|voi
lion|лев|sư tử
tiger|тигр|hổ
leopard|леопард|báo
giraffe|жираф|hươu cao cổ
zebra|зебра|ngựa vằn
hippo|бегемот|hà mã
rhino|носорог|tê giác
camel|верблюд|lạc đà
kangaroo|кенгуру|chuột túi
koala|коала|gấu túi
panda|панда|gấu trúc
crocodile|крокодил|cá sấu
snake|змея|rắn
lizard|ящерица|thằn lằn
frog|лягушка|ếch
toad|жаба|cóc
turtle|черепаха|rùa
bee|пчела|ong
wasp|оса|ong bắp cày
ant|муравей|kiến
butterfly|бабочка|bướm
moth|мотылёк|bướm đêm
spider|паук|nhện
mosquito|комар|muỗi
fly insect|муха|ruồi
beetle|жук|bọ cánh cứng
worm|червь|giun
snail|улитка|ốc sên
bat|летучая мышь|dơi
hedgehog|ёж|nhím
otter|выдра|rái cá
seal|тюлень|hải cẩu
whale shark|китовая акула|cá mập voi
goldfish|золотая рыбка|cá vàng
parrot fish|рыба-попугай|cá mó
salmon|лосось|cá hồi
tuna|тунец|cá ngừ
cod|треска|cá tuyết
trout|форель|cá hồi suối
sardine|сардина|cá mòi
herring|сельдь|cá trích
mackerel|скумбрия|cá thu
anchovy|анчоус|cá cơm
squid|кальмар|mực
eel|угорь|cá chình
starfish|морская звезда|sao biển
seahorse|морской конёк|cá ngựa
clam|моллюск|nghêu
mussel|мидия|vẹm
scallop|гребешок|sò điệp
barnacle|морская уточка|hà
plankton|планктон|sinh vật phù du
coral reef|коралловый риф|rạn san hô
tide pool|лужа на отливе|vũng triều
sand dune|дюна|cồn cát
oasis|оазис|ốc đảo
canyon|каньон|hẻm núi
plateau|плато|cao nguyên
prairie|прерия|thảo nguyên
swamp|болото|đầm lầy
marsh|трясина|đầm lầy cỏ
rainforest|тропический лес|rừng mưa
taiga|тайга|rừng taiga
tundra|тундра|lãnh nguyên
savanna|саванна|xavan
steppe|степь|thảo nguyên khô
delta|дельта|châu thổ
estuary|устье|cửa sông
tributary|приток|phụ lưu
rapids|пороги|ghềnh
dam|плотина|đập
reservoir|водохранилище|hồ chứa
canal|канал|kênh
lock gate|шлюз|âu thuyền
lighthouse|маяк|hải đăng
buoy|буй|phao
lifeboat|спасательная шлюпка|xuồng cứu sinh
anchor chain|якорная цепь|xích neo
porthole|иллюминатор|cửa sổ tàu
cargo|груз|hàng hóa
container|контейнер|công ten nơ
crane operator|крановщик|người điều khiển cần cẩu
forklift|погрузчик|xe nâng
pallet|поддон|pallet
warehouse shelf|стеллаж|kệ kho
barcode scanner|сканер штрихкода|máy quét mã
conveyor|конвейер|băng chuyền
assembly line|сборочная линия|dây chuyền lắp ráp
shift supervisor|начальник смены|quản lý ca
safety helmet|каска|mũ bảo hộ
earplugs|беруши|nút tai
fire extinguisher|огнетушитель|bình chữa cháy
emergency exit|запасной выход|lối thoát hiểm
fire alarm|пожарная сигнализация|báo cháy
smoke detector|датчик дыма|đầu báo khói
sprinkler|спринклер|vòi phun
hydrant|гидрант|trụ nước chữa cháy
hose|шланг|vòi
nozzle|насадка|đầu vòi
pressure gauge|манометр|đồng hồ áp suất
valve|клапан|van
pipe|труба|ống
leak|утечка|rò rỉ
clog|засор|tắc
drain|слив|cống thoát
sewer|канализация|cống rãnh
manhole|люк|nắp cống
utility bill|счёт за коммуналку|hóa đơn tiện ích
electricity bill|счёт за свет|hóa đơn điện
water bill|счёт за воду|hóa đơn nước
gas bill|счёт за газ|hóa đơn gas
rent|аренда|tiền thuê
landlord|арендодатель|chủ nhà
tenant|арендатор|người thuê
lease|договор аренды|hợp đồng thuê
deposit|залог|tiền đặt cọc
neighbor upstairs|сосед сверху|hàng xóm tầng trên
noise complaint|жалоба на шум|phàn nàn tiếng ồn
maintenance|обслуживание|bảo trì
plumber|сантехник|thợ ống nước
electrician|электрик|thợ điện
carpenter|плотник|thợ mộc
painter|маляр|thợ sơn
locksmith|слесарь по замкам|thợ khóa
janitor|уборщик|người lao công
gardener|садовник|người làm vườn
mailman|почтальон|người đưa thư
delivery driver|курьер-водитель|tài xế giao hàng
taxi driver|таксист|tài xế taxi
bus driver|водитель автобуса|tài xế xe buýt
pilot|пилот|phi công
flight attendant|бортпроводник|tiếp viên
sailor|моряк|thủy thủ
soldier|солдат|người lính
captain|капитан|thuyền trưởng
chef|шеф-повар|đầu bếp
cook helper|помощник повара|phụ bếp
waiter job|работа официанта|việc bồi bàn
bartender|бармен|người pha chế
barista|бариста|nhân viên pha cà phê
baker|пекарь|thợ làm bánh
butcher|мясник|người bán thịt
fishmonger|рыбник|người bán cá
grocer|бакалейщик|người bán tạp hóa
florist|флорист|người bán hoa
hairdresser|парикмахер|thợ làm tóc
barber|цирюльник|thợ cắt tóc nam
beautician|косметолог|chuyên viên thẩm mỹ
tailor shop|ателье|tiệm may
shoemaker|сапожник|thợ giày
jeweler|ювелир|thợ kim hoàn
watchmaker|часовщик|thợ đồng hồ
photographer|фотограф|nhiếp ảnh gia
journalist|журналист|nhà báo
editor|редактор|biên tập viên
writer|писатель|nhà văn
poet|поэт|nhà thơ
actor|актёр|diễn viên
actress|актриса|nữ diễn viên
director|режиссёр|đạo diễn
musician|музыкант|nhạc sĩ
singer|певец|ca sĩ
dancer|танцор|vũ công
painter artist|художник|họa sĩ
sculptor|скульптор|nhà điêu khắc
architect|архитектор|kiến trúc sư
engineer|инженер|kỹ sư
programmer|программист|lập trình viên
designer|дизайнер|nhà thiết kế
accountant|бухгалтер|kế toán
economist|экономист|nhà kinh tế
scientist|учёный|nhà khoa học
researcher|исследователь|nhà nghiên cứu
teacher|учитель|giáo viên
tutor|репетитор|gia sư
librarian|библиотекарь|thủ thư
translator|переводчик|phiên dịch
interpreter|устный переводчик|thông dịch viên
guide|гид|hướng dẫn viên
farmer|фермер|nông dân
fisherman|рыбак|ngư dân
miner|шахтёр|thợ mỏ
mechanic|механик|thợ máy
driver|водитель|tài xế
cashier job|работа кассира|việc thu ngân
salesperson|продавец|nhân viên bán hàng
security guard|охранник|bảo vệ
cleaner|уборщица|người dọn dẹp
nanny|няня|bảo mẫu
babysitter|бебиситтер|người trông trẻ
caregiver|сиделка|người chăm sóc
doctor on duty|дежурный врач|bác sĩ trực
midwife|акушерка|nữ hộ sinh
dentist appointment|запись к стоматологу|lịch nha sĩ
optician|оптик|người đo mắt
veterinarian|ветеринар|bác sĩ thú y
pharmacist on duty|дежурный фармацевт|dược sĩ trực
psychologist|психолог|nhà tâm lý
therapist|терапевт|nhà trị liệu
coach|тренер|huấn luyện viên
referee|судья на поле|trọng tài
athlete|спортсмен|vận động viên
player|игрок|cầu thủ
fan|болельщик|người hâm mộ
spectator|зритель|khán giả
audience|аудитория|khán giả
crowd|толпа|đám đông
queue of people|очередь людей|hàng người
stranger|незнакомец|người lạ
acquaintance|знакомый|người quen
colleague at work|коллега по работе|đồng nghiệp
roommate|сосед по комнате|bạn cùng phòng
classmate from school|одноклассник|bạn học
teammate|товарищ по команде|đồng đội
opponent|соперник|đối thủ
partner|партнёр|đối tác
spouse|супруг|vợ hoặc chồng
fiancé|жених|vị hôn phu
fiancée|невеста|vị hôn thê
widow|вдова|góa phụ
widower|вдовец|góa phụ nam
orphan|сирота|trẻ mồ côi
toddler|малыш|trẻ chập chững
teenager|подросток|thiếu niên
adult person|взрослый человек|người lớn
elder|пожилой|người cao tuổi
generation|поколение|thế hệ
ancestor|предок|tổ tiên
descendant|потомок|hậu duệ
relative by marriage|родственник по браку|họ hàng bên vợ chồng
in-law|свойственник|thông gia
stepfather|отчим|bố dượng
stepmother|мачеха|mẹ kế
stepson|пасынок|con trai riêng
stepdaughter|падчерица|con gái riêng
twin|близнец|sinh đôi
triplet|тройня|sinh ba
only child|единственный ребёнок|con một
sibling|брат или сестра|anh chị em
nephew|племянник|cháu trai
niece|племянница|cháu gái
godparent|крёстный|cha mẹ đỡ đầu
namesake|тёзка|người cùng tên
nickname|прозвище|biệt danh
surname|фамилия|họ
first name|имя|tên
middle name|второе имя|tên đệm
maiden name|девичья фамилия|họ thời con gái
signature name|имя в подписи|tên ký
ID card|удостоверение|thẻ căn cước
birth certificate|свидетельство о рождении|giấy khai sinh
driver license|водительские права|bằng lái
nationality|гражданство|quốc tịch
residence|место жительства|nơi cư trú
hometown|родной город|quê hương
address line|строка адреса|dòng địa chỉ
postal code|почтовый индекс|mã bưu chính
phone number|номер телефона|số điện thoại
email address|адрес почты|địa chỉ email
date of birth|дата рождения|ngày sinh
age|возраст|tuổi
gender|пол|giới tính
occupation|род занятий|nghề nghiệp
marital status|семейное положение|tình trạng hôn nhân
single|холост|độc thân
married|женат / замужем|đã kết hôn
divorced|в разводе|đã ly hôn
engaged|помолвлен|đã đính hôn
anniversary|годовщина|kỷ niệm
wedding|свадьба|đám cưới
honeymoon|медовый месяц|tuần trăng mật
funeral|похороны|đám tang
ceremony|церемония|lễ
celebration|празднование|lễ kỷ niệm
invitation|приглашение|thiệp mời
guest list|список гостей|danh sách khách
gift|подарок|quà
wrapping paper|обёрточная бумага|giấy gói
ribbon|лента|ruy băng
balloon|воздушный шар|bóng bay
candle on a cake|свеча на торте|nến trên bánh
birthday cake|торт ко дню рождения|bánh sinh nhật
toast|тост|lời chúc
cheers|ура|chúc mừng
applause|аплодисменты|vỗ tay
firework|фейерверк|pháo hoa
parade|парад|diễu hành
festival|фестиваль|lễ hội
carnival|карнавал|hội hóa trang
fair|ярмарка|hội chợ
market stall|лоток|quầy hàng
vendor|продавец на рынке|người bán
bargain price|выгодная цена|giá hời
receipt of payment|квитанция|biên lai
change purse|кошелёк для мелочи|ví tiền lẻ
tip|чаевые|tiền tip
service charge|плата за обслуживание|phí phục vụ
menu|меню|thực đơn
appetizer|закуска|món khai vị
main course|основное блюдо|món chính
dessert|десерт|món tráng miệng
side dish|гарнир|món phụ
soup|суп|súp
salad|салат|rau trộn
sauce|соус|nước sốt
dressing|заправка|nước trộn
spice|специя|gia vị
herb|трава пряная|rau thơm
salt|соль|muối
pepper|перец|hạt tiêu
sugar bowl|сахарница|bát đường
vinegar|уксус|giấm
oil|масло растительное|dầu ăn
butter|сливочное масло|bơ
margarine|маргарин|bơ thực vật
cheese|сыр|phô mai
yogurt|йогурт|sữa chua
cream dairy|сливки|kem tươi
ice cream scoop|шарик мороженого|viên kem
honey|мёд|mật ong
jam|варенье|mứt
peanut butter|арахисовая паста|bơ đậu phộng
bread loaf|буханка|ổ bánh mì
bun|булочка|bánh bao nhỏ
croissant|круассан|bánh sừng bò
bagel|бублик|bánh vòng
cereal|хлопья|ngũ cốc
oatmeal|овсянка|cháo yến mạch
rice bowl|миска риса|bát cơm
noodle|лапша|mì
pasta|паста|mì Ý
dumpling|пельмень|bánh bao
pancake|блин|bánh kếp
waffle|вафля|bánh waffle
omelet|омлет|trứng ốp lết
scrambled eggs|яичница-болтунья|trứng bác
boiled egg|варёное яйцо|trứng luộc
fried egg|глазунья|trứng chiên
bacon|бекон|thịt xông khói
sausage|сосиска|xúc xích
ham|ветчина|giăm bông
steak|стейк|bít tết
chicken breast|куриная грудка|ức gà
pork|свинина|thịt lợn
beef|говядина|thịt bò
lamb chop|баранья отбивная|sườn cừu
minced meat|фарш|thịt băm
tofu|тофу|đậu phụ
bean|фасоль|đậu
lentil|чечевица|đậu lăng
chickpea|нут|đậu gà
pea|горох|đậu Hà Lan
corn|кукуруза|ngô
potato|картофель|khoai tây
sweet potato|батат|khoai lang
carrot|морковь|cà rốt
onion|лук|hành
garlic|чеснок|tỏi
ginger|имбирь|gừng
cabbage|капуста|bắp cải
lettuce|салат-латук|xà lách
spinach|шпинат|rau bina
broccoli|брокколи|bông cải xanh
cauliflower|цветная капуста|súp lơ trắng
cucumber|огурец|dưa chuột
tomato|помидор|cà chua
pepper vegetable|сладкий перец|ớt chuông
chili|перец чили|ớt
eggplant|баклажан|cà tím
zucchini|кабачок|bí ngòi
pumpkin|тыква|bí đỏ
mushroom|гриб|nấm
olive|оливка|ô liu
avocado|авокадо|bơ trái
lemon|лимон|chanh vàng
lime|лайм|chanh xanh
orange fruit|апельсин|cam
grapefruit|грейпфрут|bưởi chùm
apple fruit|яблоко|táo
pear|груша|lê
peach|персик|đào
plum|слива|mận
cherry|вишня|anh đào
strawberry|клубника|dâu tây
blueberry|черника|việt quất
raspberry|малина|mâm xôi
grape|виноград|nho
watermelon|арбуз|dưa hấu
melon|дыня|dưa lưới
pineapple|ананас|dứa
mango|манго|xoài
banana|банан|chuối
coconut|кокос|dừa
papaya|папайя|đu đủ
kiwi|киви|kiwi
pomegranate|гранат|lựu
fig|инжир|sung
date fruit|финик|chà là
nut|орех|hạt
almond|миндаль|hạnh nhân
walnut|грецкий орех|óc chó
peanut|арахис|đậu phộng
cashew|кешью|hạt điều
hazelnut|фундук|hạt phỉ
pistachio|фисташка|hạt dẻ cười
seed mix|смесь семян|hỗn hợp hạt
raisin|изюм|nho khô
chocolate|шоколад|sô cô la
candy|конфета|kẹo
cookie|печенье|bánh quy
cake|торт|bánh ngọt
pie|пирог|bánh nướng
biscuit|бисквит|bánh quy bơ
donut|пончик|bánh rán vòng
muffin|маффин|bánh muffin
brownie|брауни|bánh brownie
pudding|пудинг|bánh pudding
custard|заварной крем|kem trứng
whipped cream|взбитые сливки|kem tươi đánh
sprinkle|посыпка|cốm đường
frosting|глазурь|lớp kem phủ
filling of a pie|начинка|nhân bánh
crust|корка|vỏ bánh
slice of bread|ломтик хлеба|lát bánh mì
toast bread|тост|bánh mì nướng
sandwich|бутерброд|bánh mì kẹp
hamburger|гамбургер|bánh hamburger
hot dog|хот-дог|bánh mì xúc xích
pizza|пицца|pizza
sushi|суши|sushi
ramen|рамен|mì ramen
pho|фо|phở
spring roll|спринг-ролл|chả giò
dumpling Asian|димсам|há cảo
curry|карри|cà ri
stew|рагу|món hầm
roast|жаркое|món quay
grill|гриль|nướng
fried rice|жареный рис|cơm chiên
noodle soup|суп с лапшой|mì nước
broth|бульон|nước dùng
stock|бульон основа|nước hầm
gravy|подливка|nước thịt
ketchup|кетчуп|tương cà
mustard|горчица|mù tạt
mayonnaise|майонез|sốt mayonnaise
soy sauce|соевый соус|nước tương
fish sauce|рыбный соус|nước mắm
chili sauce|острый соус|tương ớt
vinegar bottle|бутылка уксуса|chai giấm
olive oil|оливковое масло|dầu ô liu
cooking oil|растительное масло|dầu ăn
flour|мука|bột mì
sugar pack|пачка сахара|gói đường
baking powder|разрыхлитель|bột nở
yeast|дрожжи|men
vanilla|ваниль|vani
cinnamon|корица|quế
recipe|рецепт|công thức
ingredient|ингредиент|nguyên liệu
portion|порция|khẩu phần
appetite|аппетит|cảm giác ngon miệng
calorie|калория|calo
nutrition|питание|dinh dưỡng
protein|белок|chất đạm
carbohydrate|углевод|tinh bột
fat|жир|chất béo
fiber|клетчатка|chất xơ
vitamin C|витамин C|vitamin C
mineral|минерал|khoáng chất
organic food|органическая еда|thực phẩm hữu cơ
vegetarian|вегетарианец|người ăn chay
vegan|веган|người thuần chay
allergy to nuts|аллергия на орехи|dị ứng hạt
spicy food|острая еда|đồ ăn cay
bland food|пресная еда|đồ ăn nhạt
raw|сырой|sống
ripe|спелый|chín
rotten|гнилой|thối
fresh|свежий|tươi
frozen|замороженный|đông lạnh
canned|консервированный|đóng hộp
leftover|остатки еды|đồ ăn thừa
snack|перекус|đồ ăn vặt
picnic|пикник|dã ngoại
barbecue|барбекю|tiệc nướng
buffet|шведский стол|tiệc buffet
takeaway|еда на вынос|đồ mang về
delivery food|доставка еды|giao đồ ăn
tip jar|банка для чаевых|hũ tiền tip
table reservation|бронь стола|đặt bàn
waiter recommendation|рекомендация официанта|gợi ý của bồi bàn
bill split|разделить счёт|chia tiền
doggy bag|еда с собой|túi mang về
soft drink|газировка|nước ngọt
juice|сок|nước ép
smoothie|смузи|sinh tố
mineral water|минеральная вода|nước khoáng
sparkling water|газированная вода|nước có gas
still water|негазированная вода|nước suối
black coffee|чёрный кофе|cà phê đen
espresso|эспрессо|cà phê espresso
latte|латте|cà phê latte
cappuccino|капучино|cà phê cappuccino
tea bag|чайный пакетик|túi trà
green tea|зелёный чай|trà xanh
black tea|чёрный чай|trà đen
herbal tea|травяной чай|trà thảo mộc
hot chocolate|горячий шоколад|sô cô la nóng
milkshake|молочный коктейль|sữa lắc
beer|пиво|bia
wine|вино|rượu vang
champagne|шампанское|sâm panh
cocktail drink|коктейль|cocktail
whiskey|виски|whisky
vodka|водка|vodka
rum|ром|rum
soda|содовая|soda
ice cube|кубик льда|viên đá
straw|соломинка|ống hút
lemon slice|долька лимона|lát chanh
mint leaf|листок мяты|lá bạc hà
sugar cube|кубик сахара|viên đường
cream for coffee|сливки в кофе|kem cho cà phê
decaffeinated|без кофеина|không caffeine
refill|добавка|rót thêm
happy hour|счастливые часы|giờ giảm giá
last call|последний заказ|lượt gọi cuối
cheers with a glass|чокнуться|cụng ly
hangover|похмелье|dư vị rượu
sober|трезвый|tỉnh táo
tipsy|навеселе|hơi say
drunk|пьяный|say
designated driver|трезвый водитель|người lái xe không uống
tab|открытый счёт|hóa đơn chưa thanh toán
bar stool|барный стул|ghế quầy bar
counter|стойка|quầy
bartender recommendation|совет бармена|gợi ý người pha chế
wine list|винная карта|thực đơn rượu
cork|пробка|nút bần
vintage|урожай вина|niên vụ
dry wine|сухое вино|rượu vang khô
sweet wine|сладкое вино|rượu vang ngọt
red wine|красное вино|rượu vang đỏ
white wine|белое вино|rượu vang trắng
beer mug|пивная кружка|cốc bia
foam|пена|bọt
brewery|пивоварня|nhà máy bia
winery|винодельня|nhà rượu
distillery|винокурня|nhà chưng cất
tasting|дегустация|thưởng thức thử
pairing|сочетание|kết hợp món
course of a meal|подача блюда|lượt món
amuse bouche|закуска от шефа|món khai vị nhỏ
palate|вкус|vị giác
aroma|аромат|hương thơm
texture|текстура|kết cấu
crispy|хрустящий|giòn
tender|нежный|mềm
juicy|сочный|mọng nước
bitter|горький|đắng
sour|кислый|chua
salty|солёный|mặn
sweet taste|сладкий вкус|vị ngọt
umami|умами|vị ngọt thịt
bland taste|пресный вкус|vị nhạt
overcooked|переваренный|nấu quá
undercooked|недоваренный|chưa chín
medium rare|средней прожарки|tái vừa
well done meat|хорошо прожаренное|chín kỹ
rare steak|стейк с кровью|bít tết tái
grilled fish|рыба на гриле|cá nướng
steamed vegetables|овощи на пару|rau hấp
stir fry|обжарка в воке|xào
deep fry|фритюр|chiên ngập dầu
bake|запекать|nướng lò
boil|кипятить|luộc
simmer|тушить на медленном огне|hầm nhỏ lửa
roast in the oven|жарить в духовке|nướng lò
marinate|мариновать|ướp
season the dish|приправить блюдо|nêm món
taste the soup|попробовать суп|nếm súp
serve hot|подавать горячим|dọn nóng
serve cold|подавать холодным|dọn lạnh
leftovers box|контейнер с остатками|hộp đồ thừa
food waste|пищевые отходы|rác thực phẩm
compost|компост|phân ủ
recycling bin|контейнер для переработки|thùng tái chế
trash can|мусорное ведро|thùng rác
garbage truck|мусоровоз|xe rác
landfill|свалка|bãi rác
plastic bag|пластиковый пакет|túi nilon
paper bag|бумажный пакет|túi giấy
reusable bag|многоразовая сумка|túi dùng lại
bottle cap|крышка бутылки|nắp chai
can of soda|банка газировки|lon nước ngọt
jar|банка стеклянная|lọ
lid|крышка|nắp
wrapper|обёртка|vỏ bọc
label|этикетка|nhãn
expiration date|срок годности|hạn sử dụng
best before|годен до|dùng tốt nhất trước
batch number|номер партии|số lô
ingredient list|список ингредиентов|danh sách thành phần
nutrition label|маркировка питания|nhãn dinh dưỡng
allergen|аллерген|chất gây dị ứng
gluten|глютен|gluten
lactose|лактоза|lactose
preservative|консервант|chất bảo quản
additive|добавка|phụ gia
artificial flavor|искусственный ароматизатор|hương liệu nhân tạo
organic label|метка органик|nhãn hữu cơ
fair trade|справедливая торговля|thương mại công bằng
local produce|местные продукты|nông sản địa phương
farmers market|фермерский рынок|chợ nông sản
grocery store|продуктовый магазин|cửa hàng tạp hóa
supermarket aisle|проход супермаркета|lối siêu thị
checkout|касса на выходе|quầy thanh toán
self checkout|касса самообслуживания|quầy tự thanh toán
shopping list|список покупок|danh sách mua sắm
coupon|купон|phiếu giảm giá
sale price|цена со скидкой|giá khuyến mãi
full price|полная цена|giá gốc
tax included|включая налог|đã gồm thuế
out of stock|нет в наличии|hết hàng
in stock|в наличии|còn hàng
backorder|предзаказ при отсутствии|đặt hàng chờ
delivery time|срок доставки|thời gian giao
shipping fee|плата за доставку|phí vận chuyển
tracking number|номер отслеживания|mã vận đơn
parcel locker|постамат|tủ nhận hàng
signature on delivery|подпись при получении|ký khi nhận
return policy|правила возврата|chính sách đổi trả
exchange receipt|чек на обмен|hóa đơn đổi hàng
gift receipt|чек без цены|hóa đơn quà
store credit|кредит магазина|phiếu mua hàng
loyalty points|баллы лояльности|điểm thưởng
membership|членство|tư cách thành viên
opening hours|часы работы|giờ mở cửa
closed on Sunday|закрыто по воскресеньям|đóng cửa chủ nhật
public holiday|государственный праздник|ngày lễ
weekend sale|распродажа на выходных|giảm giá cuối tuần
clearance|распродажа остатков|xả hàng
window display|витрина|tủ kính trưng bày
mannequin|манекен|ma nơ canh
fitting|примерка|buổi thử
alteration|переделка одежды|sửa quần áo
hem the pants|укоротить брюки|lên gấu quần
let out a seam|выпустить шов|nới đường may
take in the waist|ушить талию|thu eo
dry clean only|только химчистка|chỉ giặt khô
hand wash|ручная стирка|giặt tay
machine wash|машинная стирка|giặt máy
tumble dry|сушить в машине|sấy máy
do not bleach|не отбеливать|không tẩy
iron on low|гладить слабо|ủi nhiệt thấp
shrink in the wash|садится при стирке|co khi giặt
color run|линяет|ra màu
fabric softener|ополаскиватель|nước xả vải
stain remover|пятновыводитель|chất tẩy vết
bleach|отбеливатель|nước tẩy
laundry detergent|стиральный порошок|bột giặt
dryer sheet|салфетка для сушки|giấy thơm máy sấy
lint|катышки|xơ vải
ironing|глажка|việc ủi
fold the clothes|сложить одежду|gấp quần áo
hang the shirt|повесить рубашку|treo áo
sort the laundry|рассортировать бельё|phân loại đồ giặt
whites|белое бельё|đồ trắng
colors load|цветное бельё|đồ màu
delicates|деликатные вещи|đồ mỏng
wool cycle|режим шерсти|chế độ len
spin cycle|отжим|vắt
rinse|полоскание|giũ
soak|замачивание|ngâm
wring|отжать|vắt tay
clothes horse|сушилка для белья|giá phơi
laundry room|прачечная|phòng giặt
shared laundry|общая прачечная|phòng giặt chung
detergent pod|капсула порошка|viên giặt
fabric freshener|освежитель ткани|xịt thơm vải
static|статическое электричество|điện tĩnh
wrinkled shirt|мятая рубашка|áo nhăn
pressed suit|отглаженный костюм|bộ vest đã ủi
shoeshine|чистка обуви|đánh giày
shoelace|шнурок|dây giày
insole|стелька|lót giày
heel of a shoe|каблук туфли|gót giày
sole of a shoe|подошва обуви|đế giày
boot polish|крем для обуви|xi đánh giày
umbrella stand|подставка для зонтов|giá ô
raincoat hook|крючок для плаща|móc áo mưa
muddy boots|грязные сапоги|ủng dính bùn
doormat welcome|коврик с приветствием|thảm chào
spare key|запасной ключ|chìa khóa dự phòng
keychain|брелок|móc khóa
lockbox|сейф для ключей|hộp khóa
intercom|домофон|chuông cửa có đàm thoại
elevator button|кнопка лифта|nút thang máy
stairwell|лестничная клетка|cầu thang bộ
handrail|поручень|tay vịn
fire escape|пожарная лестница|cầu thang thoát hiểm
roof terrace|терраса на крыше|sân thượng
balcony chair|стул на балконе|ghế ban công
flower pot|цветочный горшок|chậu hoa
watering can|лейка|bình tưới
garden hose|садовый шланг|vòi tưới
lawn|газон|bãi cỏ
hedge|живая изгородь|hàng rào cây
fence|забор|hàng rào
gate of a yard|калитка|cổng sân
shed|сарай|nhà kho nhỏ
greenhouse|теплица|nhà kính
compost bin|компостер|thùng ủ
wheelbarrow|тачка|xe rùa
rake|грабли|cào
shovel|лопата|xẻng
pruning shears|секатор|kéo cắt cành
lawn mower|газонокосилка|máy cắt cỏ
sprinkler system|система полива|hệ thống tưới
seedling|саженец|cây con
bulb plant|луковица|củ giống
weed|сорняк|cỏ dại
fertilizer|удобрение|phân bón
pesticide|пестицид|thuốc trừ sâu
harvest basket|корзина урожая|giỏ thu hoạch
ripe tomato|спелый помидор|cà chua chín
herb garden|сад трав|vườn rau thơm
rose bush|куст роз|bụi hồng
tulip|тюльпан|hoa tulip
daisy|ромашка|hoa cúc
sunflower|подсолнух|hoa hướng dương
orchid|орхидея|hoa lan
lily|лилия|hoa loa kèn
lotus|лотос|hoa sen
bamboo|бамбук|tre
palm tree|пальма|cây cọ
pine|сосна|cây thông
oak|дуб|cây sồi
birch|берёза|cây bạch dương
maple|клён|cây phong
willow|ива|cây liễu
leaf|лист|lá
branch of a tree|ветка|cành cây
trunk of a tree|ствол|thân cây
root|корень|rễ
bark|кора|vỏ cây
thorn|шип|gai
petal|лепесток|cánh hoa
pollen|пыльца|phấn hoa
nectar|нектар|mật hoa
hive|улей|tổ ong
honeycomb|соты|tầng ong
beehive|пчелиный улей|tổ ong mật
anthill|муравейник|tổ kiến
nest|гнездо|tổ chim
feather|перо|lông vũ
wing|крыло|cánh
beak|клюв|mỏ
claw|коготь|vuốt
paw|лапа|chân thú
tail|хвост|đuôi
fur|мех|lông thú
whisker|ус животного|ria mèo
mane|грива|bờm
hoof|копыто|móng guốc
horn of an animal|рог|sừng
tusk|бивень|ngà
scale of a fish|чешуя|vảy cá
fin|плавник|vây
gill|жабра|mang cá
shell of a turtle|панцирь|mai rùa
venom|яд|nọc độc
sting|жало|nọc chích
web of a spider|паутина|mạng nhện
cocoon|кокон|kén
larva|личинка|ấu trùng
pupa|куколка|nhộng
caterpillar|гусеница|sâu bướm
flock|стая|đàn
herd|стадо|đàn gia súc
pack of wolves|стая волков|bầy sói
swarm|рой|đàn ong
colony|колония|tập đoàn
habitat|среда обитания|môi trường sống
extinction|вымирание|tuyệt chủng
endangered|под угрозой|nguy cấp
wildlife|дикая природа|động vật hoang dã
nature reserve|заповедник|khu bảo tồn
national park|национальный парк|vườn quốc gia
trail|тропа|đường mòn
campsite|кемпинг|nơi cắm trại
tent|палатка|lều
sleeping bag|спальный мешок|túi ngủ
campfire|костёр|lửa trại
flashlight beam|луч фонаря|tia đèn pin
compass direction|направление по компасу|hướng la bàn
map scale|масштаб карты|tỷ lệ bản đồ
north|север|hướng bắc
south|юг|hướng nam
east|восток|hướng đông
west|запад|hướng tây
sunrise|восход|bình minh
sunset|закат|hoàng hôn
dawn|рассвет|rạng đông
dusk|сумерки|chạng vạng
midnight hour|полночь|nửa đêm
noon hour|полдень|giữa trưa
twilight|сумерки|hoàng hôn nhá nhem
season|время года|mùa
spring season|весна|mùa xuân
summer|лето|mùa hè
autumn|осень|mùa thu
winter|зима|mùa đông
solstice|солнцестояние|chí tuyến
equinox|равноденствие|phân
calendar month|календарный месяц|tháng dương lịch
leap year|високосный год|năm nhuận
decade|десятилетие|thập kỷ
century|век|thế kỷ
millennium|тысячелетие|thiên niên kỷ
era|эпоха|kỷ nguyên
ancient|древний|cổ đại
medieval|средневековый|trung cổ
modern era|современная эпоха|thời hiện đại
history book|книга по истории|sách lịch sử
artifact|артефакт|cổ vật
ruin|руины|tàn tích
archaeology|археология|khảo cổ
museum|музей|bảo tàng
gallery|галерея|phòng trưng bày
exhibit|экспонат|hiện vật
ticket office|касса билетов|quầy vé
guided tour|экскурсия с гидом|tour có hướng dẫn
audio guide|аудиогид|hướng dẫn âm thanh
souvenir|сувенир|quà lưu niệm
postcard|открытка|bưu thiếp
guidebook|путеводитель|sách hướng dẫn
itinerary|маршрут поездки|lịch trình
suitcase tag|бирка чемодана|thẻ vali
lost luggage|потерянный багаж|hành lý thất lạc
customs form|таможенная декларация|tờ khai hải quan
duty free|дьюти-фри|miễn thuế
exchange rate|курс обмена|tỷ giá
currency|валюта|tiền tệ
foreign cash|иностранная наличность|tiền mặt ngoại tệ
traveler check|дорожный чек|séc du lịch
travel insurance|туристическая страховка|bảo hiểm du lịch
vaccination|прививка|tiêm chủng
visa application|заявление на визу|đơn xin thị thực
embassy|посольство|đại sứ quán
consulate|консульство|lãnh sự quán
border|граница|biên giới
checkpoint|контрольно-пропускной пункт|trạm kiểm soát
stamp in a passport|штамп в паспорте|dấu hộ chiếu
overstay|превышение срока|ở quá hạn
deportation|депортация|trục xuất
citizenship|гражданство|quốc tịch
refugee|беженец|người tị nạn
immigrant|иммигрант|người nhập cư
tourist|турист|khách du lịch
local resident|местный житель|cư dân địa phương
host|хозяин|chủ nhà đón khách
guest room|комната для гостей|phòng khách
homestay|проживание в семье|ở nhà dân
hostel|хостел|nhà nghỉ tập thể
hotel lobby|вестибюль отеля|sảnh khách sạn
reception desk|стойка регистрации|quầy lễ tân
room key|ключ от номера|chìa khóa phòng
single room|одноместный номер|phòng đơn
double room|двухместный номер|phòng đôi
suite|люкс|phòng hạng sang
wake-up call|звонок-побудка|gọi báo thức
minibar|мини-бар|tủ lạnh mini
room service|обслуживание в номере|phục vụ tại phòng
housekeeping|уборка номера|dọn phòng
checkout time|время выезда|giờ trả phòng
late checkout|поздний выезд|trả phòng muộn
reservation number|номер брони|mã đặt phòng
cancellation|отмена брони|hủy đặt
no-show|неявка|không đến
deposit for a room|предоплата за номер|đặt cọc phòng
view from the window|вид из окна|view từ cửa sổ
sea view|вид на море|view biển
city view|вид на город|view thành phố
balcony room|номер с балконом|phòng có ban công
air conditioning|кондиционер|máy lạnh
heating|отопление|sưởi
thermostat|термостат|bộ điều nhiệt
blanket extra|дополнительное одеяло|chăn thêm
pillow menu|выбор подушек|thực đơn gối
blackout curtain|затемняющая штора|rèm cản sáng
safe in the room|сейф в номере|két sắt
hair dryer|фен|máy sấy tóc
iron in the closet|утюг в шкафу|bàn là trong tủ
laundry service|прачечная отеля|dịch vụ giặt ủi
concierge|консьерж|nhân viên hỗ trợ
bellhop|носильщик|người xách vali
tip for service|чаевые за услугу|tiền tip phục vụ
complaint form|бланк жалобы|mẫu khiếu nại
satisfaction|удовлетворение|sự hài lòng
review of a hotel|отзыв об отеле|đánh giá khách sạn
star rating|звёздность|hạng sao
budget hotel|недорогой отель|khách sạn giá rẻ
luxury hotel|роскошный отель|khách sạn sang
resort|курорт|khu nghỉ dưỡng
spa|спа|spa
sauna|сауна|phòng xông hơi
swimming pool|бассейн|bể bơi
lifeguard|спасатель|nhân viên cứu hộ
sun lounger|шезлонг|ghế tắm nắng
beach towel|пляжное полотенце|khăn tắm biển
sunscreen bottle|флакон крема|chai kem chống nắng
swimsuit|купальник|đồ bơi
snorkel|трубка для ныряния|ống thở
fins|ласты|chân vịt
surfboard|доска для сёрфинга|ván lướt sóng
diving mask|маска для ныряния|mặt nạ lặn
life ring|спасательный круг|phao tròn
wave height|высота волны|độ cao sóng
tide chart|таблица приливов|bảng thủy triều
seaside town|приморский город|thị trấn ven biển
promenade|набережная для прогулок|đường dạo
pier walk|прогулка по пирсу|đi dạo cầu tàu
souvenir shop|магазин сувениров|cửa hàng lưu niệm
ice cream stand|лоток с мороженым|quầy kem
street musician|уличный музыкант|nghệ sĩ đường phố
street food|уличная еда|đồ ăn đường phố
night market|ночной рынок|chợ đêm
lantern|фонарь|đèn lồng
festival crowd|праздничная толпа|đám đông lễ hội
traditional costume|традиционный костюм|trang phục truyền thống
folk dance|народный танец|múa dân gian
folk song|народная песня|dân ca
instrument|музыкальный инструмент|nhạc cụ
guitar|гитара|đàn guitar
piano|пианино|đàn piano
violin|скрипка|đàn violin
drum|барабан|trống
flute|флейта|sáo
trumpet|труба музыкальная|kèn trumpet
saxophone|саксофон|kèn saxophone
cello|виолончель|đàn cello
harp|арфа|đàn hạc
accordion|аккордеон|đàn accordion
harmonica|губная гармошка|kèn harmonica
microphone stand|стойка микрофона|chân micro
sheet music|ноты|bản nhạc
melody|мелодия|giai điệu
rhythm|ритм|nhịp
beat|такт|nhịp điệu
chord|аккорд|hợp âm
lyrics|текст песни|lời bài hát
chorus|припев|điệp khúc
verse of a song|куплет|khổ thơ
concert|концерт|buổi hòa nhạc
rehearsal|репетиция|buổi tập
stage|сцена|sân khấu
curtain call|выход на поклон|lần chào cuối
audience seat|место в зале|ghế khán giả
intermission|антракт|giờ giải lao
program of a show|программка|chương trình buổi diễn
standing ovation|овация стоя|vỗ tay đứng
encore|на бис|hát lại
soundtrack|саундтрек|nhạc phim
genre|жанр|thể loại
classical music|классическая музыка|nhạc cổ điển
jazz|джаз|nhạc jazz
rock music|рок|nhạc rock
pop music|поп|nhạc pop
folk music|народная музыка|nhạc dân gian
opera|опера|opera
ballet|балет|ba lê
theater|театр|nhà hát
play on stage|пьеса|vở kịch
script|сценарий|kịch bản
role|роль|vai diễn
costume designer|художник по костюмам|người thiết kế trang phục
makeup artist|гримёр|nghệ sĩ trang điểm
spotlight|прожектор|đèn sân khấu
backstage|за кулисами|hậu trường
box office|театральная касса|quầy vé nhà hát
matinee|дневной спектакль|suất chiều
evening show|вечерний сеанс|suất tối
subtitle|субтитры|phụ đề
dubbing|дубляж|lồng tiếng
documentary|документальный фильм|phim tài liệu
cartoon|мультфильм|phim hoạt hình
series|сериал|phim bộ
episode|серия|tập
season of a show|сезон сериала|mùa phim
trailer|трейлер|đoạn giới thiệu
credits|титры|đoạn danh đề
director cut|режиссёрская версия|bản đạo diễn
plot|сюжет|cốt truyện
character|персонаж|nhân vật
hero|герой|anh hùng
villain|злодей|nhân vật phản diện
twist|неожиданный поворот|bước ngoặt
ending|концовка|kết thúc
spoiler|спойлер|tiết lộ tình tiết
review of a film|рецензия|bài nhận xét
rating of a film|рейтинг фильма|điểm phim
cinema|кинотеатр|rạp chiếu phim
aisle seat|место у прохода|ghế cạnh lối đi
popcorn|попкорн|bỏng ngô
3d glasses|очки 3D|kính 3D
screen size|размер экрана|kích thước màn hình
volume level|уровень громкости|mức âm lượng
pause button|кнопка паузы|nút tạm dừng
rewind|перемотка назад|tua lại
fast forward|перемотка вперёд|tua nhanh
playlist|плейлист|danh sách phát
podcast|подкаст|podcast
radio station|радиостанция|đài radio
news bulletin|выпуск новостей|bản tin
weather forecast|прогноз погоды|dự báo thời tiết
sports report|спортивный репортаж|tường thuật thể thao
headline|заголовок|tít báo
article in a paper|статья|bài báo
column|колонка|chuyên mục
journalist notebook|блокнот журналиста|sổ nhà báo
interview subject|герой интервью|người được phỏng vấn
quote|цитата|trích dẫn
source|источник|nguồn
fact check|проверка фактов|kiểm chứng
rumor|слух|tin đồn
breaking news|срочные новости|tin nóng
press conference|пресс-конференция|họp báo
spokesperson|представитель|người phát ngôn
statement|заявление|tuyên bố
opinion piece|авторская колонка|bài bình luận
editorial|передовица|bài xã luận
letter to the editor|письмо редактору|thư bạn đọc
subscription|подписка|thuê bao
print edition|печатное издание|bản in
online edition|сетевое издание|bản mạng
paywall|платный доступ|tường phí
comment section|раздел комментариев|mục bình luận
share button|кнопка «поделиться»|nút chia sẻ
like button|кнопка «нравится»|nút thích
follower|подписчик|người theo dõi
post on social media|публикация|bài đăng
hashtag|хештег|hashtag
profile photo|фото профиля|ảnh đại diện
privacy setting|настройка приватности|cài đặt riêng tư
block a user|заблокировать пользователя|chặn người dùng
report a post|пожаловаться на публикацию|báo cáo bài viết
notification badge|значок уведомления|huy hiệu thông báo
direct message|личное сообщение|tin nhắn riêng
group chat|групповой чат|nhóm chat
voice message|голосовое сообщение|tin nhắn thoại
video call|видеозвонок|cuộc gọi video
mute|без звука|tắt tiếng
camera off|камера выключена|tắt camera
screen share|демонстрация экрана|chia sẻ màn hình
meeting link|ссылка на встречу|liên kết cuộc họp
calendar invite|приглашение в календарь|lời mời lịch
time zone|часовой пояс|múi giờ
reminder|напоминание|lời nhắc
task list|список задач|danh sách việc
deadline tomorrow|срок завтра|hạn ngày mai
priority|приоритет|ưu tiên
status update|обновление статуса|cập nhật trạng thái
progress|прогресс|tiến độ
milestone|веха|cột mốc
feedback|обратная связь|phản hồi
approval|одобрение|sự chấp thuận
rejection|отказ|sự từ chối
revision|правка|bản sửa
draft|черновик|bản nháp
final version|итоговая версия|bản cuối
attachment size|размер вложения|kích thước tệp
file format|формат файла|định dạng tệp
compressed file|сжатый файл|tệp nén
folder structure|структура папок|cấu trúc thư mục
search result|результат поиска|kết quả tìm kiếm
filter option|параметр фильтра|tùy chọn lọc
sort order|порядок сортировки|thứ tự sắp xếp
spreadsheet|таблица|bảng tính
cell of a table|ячейка|ô bảng
row of a table|строка таблицы|hàng
column of a table|столбец|cột
formula|формула|công thức
chart|диаграмма|biểu đồ
pie chart|круговая диаграмма|biểu đồ tròn
bar chart|столбчатая диаграмма|biểu đồ cột
axis|ось|trục
legend|легенда|chú giải
average value|среднее значение|giá trị trung bình
total|итого|tổng
percentage|процент|phần trăm
fraction|дробь|phân số
decimal|десятичная дробь|số thập phân
ratio|отношение|tỷ lệ
estimate|оценка|ước tính
approximate number|приблизительное число|số gần đúng
exact number|точное число|số chính xác
increase|рост|sự tăng
decrease|снижение|sự giảm
trend|тенденция|xu hướng
forecast figure|прогнозная цифра|con số dự báo
sample size|размер выборки|cỡ mẫu
survey|опрос|khảo sát
questionnaire|анкета|bảng câu hỏi
respondent|респондент|người trả lời
anonymous|анонимный|ẩn danh
confidential|конфиденциальный|bí mật
consent|согласие|sự đồng ý
data protection|защита данных|bảo vệ dữ liệu
privacy policy|политика конфиденциальности|chính sách quyền riêng tư
terms of use|условия использования|điều khoản sử dụng
copyright notice|уведомление об авторском праве|thông báo bản quyền
license agreement|лицензионное соглашение|thỏa thuận giấy phép
open source|открытый код|mã nguồn mở
bug report|сообщение об ошибке|báo lỗi
feature request|запрос функции|yêu cầu tính năng
version number|номер версии|số phiên bản
release notes|заметки к выпуску|ghi chú phát hành
user guide|руководство пользователя|hướng dẫn dùng
troubleshooting|устранение неполадок|khắc phục sự cố
customer support|поддержка клиентов|hỗ trợ khách hàng
help desk|служба помощи|bàn trợ giúp
ticket number|номер заявки|số phiếu
response time|время ответа|thời gian phản hồi
satisfaction survey|опрос удовлетворённости|khảo sát hài lòng
complaint ticket|жалоба|phiếu khiếu nại
resolution|решение проблемы|cách giải quyết
refund request|запрос возврата|yêu cầu hoàn tiền
warranty claim|гарантийный случай|yêu cầu bảo hành
spare part|запчасть|phụ tùng
serial number|серийный номер|số seri
model number|номер модели|số model
user manual|инструкция|sách hướng dẫn
quick start|быстрый старт|bắt đầu nhanh
power button|кнопка питания|nút nguồn
volume knob|регулятор громкости|núm âm lượng
battery indicator|индикатор батареи|chỉ báo pin
charging cable|кабель зарядки|dây sạc
wireless charger|беспроводная зарядка|sạc không dây
bluetooth|блютуз|bluetooth
wifi network|сеть вайфай|mạng wifi
password hint|подсказка пароля|gợi ý mật khẩu
two factor|двухфакторная проверка|xác thực hai lớp
backup code|резервный код|mã dự phòng
login attempt|попытка входа|lần đăng nhập
locked account|заблокированный аккаунт|tài khoản bị khóa
reset link|ссылка для сброса|liên kết đặt lại
verification code|код подтверждения|mã xác nhận
inbox zero|пустой ящик|hộp thư trống
unread message|непрочитанное сообщение|tin chưa đọc
sent folder|папка отправленных|thư mục đã gửi
draft email|черновик письма|thư nháp
subject line|тема письма|dòng tiêu đề
carbon copy|копия письма|gửi kèm
blind copy|скрытая копия|gửi ẩn
reply all|ответить всем|trả lời tất cả
forward a message|переслать сообщение|chuyển tiếp
attachment limit|лимит вложения|giới hạn tệp đính kèm
out of office|автоответ об отсутствии|thư vắng mặt
signature block|блок подписи|khối chữ ký
meeting minutes file|файл протокола|tệp biên bản
action item|пункт к исполнению|việc cần làm
owner of a task|ответственный|người phụ trách
due date|дата исполнения|ngày đến hạn
overdue|просрочено|quá hạn
completed task|выполненная задача|việc đã xong
in progress|в работе|đang làm
blocked task|заблокированная задача|việc bị kẹt
dependency|зависимость|phụ thuộc
milestone review|обзор вехи|xem lại cột mốc
retrospective|ретроспектива|họp nhìn lại
standup meeting|короткая планёрка|họp đứng
agenda item|пункт повестки|mục chương trình
decision log|журнал решений|sổ quyết định
stakeholder|заинтересованная сторона|bên liên quan
requirement|требование|yêu cầu
scope|объём работ|phạm vi
risk|риск|rủi ro
mitigation|снижение риска|giảm thiểu
assumption|допущение|giả định
constraint of a project|ограничение проекта|ràng buộc
deliverable|результат поставки|sản phẩm bàn giao
timeline|график|dòng thời gian
resource|ресурс|nguồn lực
capacity|мощность|năng lực
workload|нагрузка|khối lượng việc
burnout|выгорание|kiệt sức
work life balance|баланс работы и жизни|cân bằng công việc và cuộc sống
remote work|удалённая работа|làm việc từ xa
hybrid work|гибридная работа|làm việc kết hợp
office day|день в офисе|ngày lên văn phòng
commute time|время в пути|thời gian đi lại
flexible hours|гибкий график|giờ linh hoạt
time off|отгул|nghỉ phép
sick leave|больничный|nghỉ ốm
annual leave|ежегодный отпуск|phép năm
public holiday pay|оплата праздника|lương ngày lễ
payroll|зарплатная ведомость|bảng lương
payslip|расчётный листок|phiếu lương
deduction|удержание|khoản khấu trừ
net pay|зарплата на руки|lương thực nhận
gross pay|зарплата до вычетов|lương gộp
tax return|налоговая декларация|tờ khai thuế
tax refund|возврат налога|hoàn thuế
pension|пенсия|lương hưu
contribution|взнос|khoản đóng góp
benefit package|социальный пакет|gói phúc lợi
health insurance|медицинская страховка|bảo hiểm y tế
dental plan|стоматологический план|gói nha khoa
parental leave|отпуск по уходу|nghỉ chăm con
maternity leave|декрет|nghỉ thai sản
paternity leave|отпуск отца|nghỉ chăm con của bố
notice period|срок предупреждения|thời gian báo trước
reference letter|рекомендательное письмо|thư giới thiệu
job offer|предложение о работе|thư mời làm việc
probation|испытательный срок|thời gian thử việc
performance review|оценка работы|đánh giá hiệu suất
goal setting|постановка целей|đặt mục tiêu
skill|навык|kỹ năng
strength at work|сильная сторона|điểm mạnh
weakness|слабая сторона|điểm yếu
training course|курс обучения|khóa đào tạo
certificate of completion|сертификат об окончании|chứng nhận hoàn thành
mentor|наставник|người cố vấn
mentee|подопечный|người được cố vấn
networking|налаживание связей|xây dựng quan hệ
career path|карьерный путь|con đường sự nghiệp
promotion criteria|критерии повышения|tiêu chí thăng chức
lateral move|горизонтальный переход|chuyển ngang
resignation letter|заявление об уходе|đơn xin thôi việc
exit interview|выходное интервью|phỏng vấn nghỉ việc
handover|передача дел|bàn giao
knowledge transfer|передача знаний|chuyển giao kiến thức
successor|преемник|người kế nhiệm
org chart|оргструктура|sơ đồ tổ chức
department|отдел|phòng ban
headquarters|штаб-квартира|trụ sở
branch office|филиал|chi nhánh
subsidiary|дочерняя компания|công ty con
startup|стартап|công ty khởi nghiệp
founder|основатель|nhà sáng lập
investor|инвестор|nhà đầu tư
shareholder|акционер|cổ đông
board of directors|совет директоров|hội đồng quản trị
annual report|годовой отчёт|báo cáo thường niên
quarter|квартал|quý
revenue|выручка|doanh thu
cost|затрата|chi phí
margin|маржа|biên lợi nhuận
cash flow|денежный поток|dòng tiền
asset|актив|tài sản
liability|обязательство|nợ phải trả
equity|собственный капитал|vốn chủ sở hữu
balance sheet|балансовый отчёт|bảng cân đối
invoice number|номер счёта|số hóa đơn
purchase order|заказ на покупку|đơn đặt hàng
vendor invoice|счёт поставщика|hóa đơn nhà cung cấp
accounts payable|кредиторская задолженность|phải trả
accounts receivable|дебиторская задолженность|phải thu
audit|аудит|kiểm toán
compliance|соответствие правилам|tuân thủ
regulation|регулирование|quy định
policy document|документ политики|văn bản chính sách
procedure|процедура|quy trình
guideline|руководство|hướng dẫn
standard|стандарт|tiêu chuẩn
checklist item|пункт чек-листа|mục danh sách kiểm tra
approval chain|цепочка согласования|chuỗi phê duyệt
signature required|нужна подпись|cần chữ ký
stamp of approval|печать одобрения|dấu chấp thuận
archive|архив|kho lưu trữ
record keeping|ведение учёта|lưu hồ sơ
retention period|срок хранения|thời hạn lưu
shredder|шредер|máy hủy tài liệu
confidential stamp|гриф секретно|dấu mật
access right|право доступа|quyền truy cập
read only|только чтение|chỉ đọc
edit permission|право редактировать|quyền sửa
admin role|роль администратора|vai quản trị
user role|роль пользователя|vai người dùng
guest access|гостевой доступ|quyền khách
login history|история входов|lịch sử đăng nhập
security question|контрольный вопрос|câu hỏi bảo mật
password manager|менеджер паролей|trình quản lý mật khẩu
encryption|шифрование|mã hóa
firewall|файрвол|tường lửa
malware|вредоносная программа|phần mềm độc hại
phishing|фишинг|lừa đảo giả mạo
suspicious link|подозрительная ссылка|liên kết đáng ngờ
software update|обновление программы|cập nhật phần mềm
patch note|заметка к патчу|ghi chú bản vá
downtime|простой|thời gian ngừng
outage|отключение|sự cố mất dịch vụ
backup plan|запасной план|kế hoạch dự phòng
recovery point|точка восстановления|điểm khôi phục
incident report|отчёт об инциденте|báo cáo sự cố
root cause|корневая причина|nguyên nhân gốc
workaround|обходное решение|cách tạm thời
known issue|известная проблема|lỗi đã biết
support hours|часы поддержки|giờ hỗ trợ
on call|на дежурстве по вызову|trực cuộc gọi
escalation|эскалация|chuyển cấp cao hơn
severity|серьёзность|mức độ nghiêm trọng
impact|влияние|tác động
urgency|срочность|mức khẩn
priority queue|очередь приоритетов|hàng ưu tiên
service level|уровень сервиса|mức dịch vụ
response target|целевое время ответа|mục tiêu phản hồi
customer journey|путь клиента|hành trình khách hàng
touchpoint|точка контакта|điểm chạm
pain point|болевая точка|điểm đau
expectation|ожидание|kỳ vọng
delight|восторг|niềm vui bất ngờ
loyalty|лояльность|lòng trung thành
churn|отток клиентов|tỷ lệ rời bỏ
retention|удержание|giữ chân
referral|рекомендация клиента|giới thiệu
testimonial|отзыв клиента|lời chứng thực
case study|кейс|nghiên cứu tình huống
white paper|аналитическая записка|sách trắng
brochure|брошюра|tờ gấp
flyer|листовка|tờ rơi
poster|плакат|áp phích
banner|баннер|băng rôn
logo|логотип|logo
brand|бренд|thương hiệu
slogan|слоган|khẩu hiệu
campaign|кампания|chiến dịch
target audience|целевая аудитория|đối tượng mục tiêu
reach of a campaign|охват|độ phủ
impression|показ|lượt hiển thị
click|клик|lượt nhấp
conversion|конверсия|chuyển đổi
landing page|посадочная страница|trang đích
call to action|призыв к действию|lời kêu gọi hành động
headline text|текст заголовка|dòng tiêu đề lớn
body copy|основной текст|nội dung chữ
font|шрифт|phông chữ
bold text|жирный текст|chữ đậm
italic|курсив|chữ nghiêng
alignment|выравнивание|canh lề
margin of a page|поле страницы|lề trang
header|верхний колонтитул|đầu trang
footer|нижний колонтитул|chân trang
page number|номер страницы|số trang
table of contents|оглавление|mục lục
index of a book|указатель|mục tra cứu
bibliography|библиография|thư mục tài liệu
citation|ссылка на источник|trích dẫn nguồn
footnote|сноска|chú thích cuối trang
appendix|приложение|phụ lục
abstract of a paper|аннотация|tóm tắt bài
thesis|диссертация|luận văn
hypothesis statement|формулировка гипотезы|câu giả thuyết
methodology|методология|phương pháp
finding|вывод исследования|kết quả phát hiện
limitation|ограничение исследования|hạn chế
further research|дальнейшие исследования|nghiên cứu tiếp
peer review|рецензирование|phản biện
journal article|статья в журнале|bài tạp chí
conference paper|доклад на конференции|bài hội nghị
keynote|пленарный доклад|bài phát biểu chính
workshop session|сессия воркшопа|phiên hội thảo
poster session|постерная сессия|phiên áp phích
Q and A|вопросы и ответы|hỏi đáp
panel discussion|панельная дискуссия|thảo luận bàn tròn
moderator|модератор|người điều phối
speaker bio|биография спикера|tiểu sử diễn giả
name badge|бейдж|thẻ tên
lanyard|лента для бейджа|dây đeo thẻ
conference hall|конференц-зал|hội trường
breakout room|комната для группы|phòng nhóm nhỏ
coffee break|кофе-брейк|giờ giải lao cà phê
networking lunch|обед для знакомств|bữa trưa giao lưu
closing remarks|заключительное слово|lời kết
certificate of attendance|сертификат участника|chứng nhận tham dự
feedback form|анкета обратной связи|mẫu phản hồi
follow up email|письмо после встречи|thư theo dõi
action after the meeting|действие после встречи|việc sau cuộc họp
next steps|следующие шаги|bước tiếp theo
open question|открытый вопрос|câu hỏi mở
decision made|принятое решение|quyết định đã chốt
parking lot of ideas|отложенные идеи|ý tưởng để sau
time box|ограничение по времени|khung thời gian
agenda owner|ведущий повестки|người giữ chương trình
minute taker|секретарь протокола|người ghi biên bản
quorum|кворум|số người đủ họp
vote|голосование|bỏ phiếu
majority|большинство|đa số
minority|меньшинство|thiểu số
abstain|воздержаться|phiếu trắng
motion|предложение на голосование|đề nghị biểu quyết
amendment to a motion|поправка|sửa đổi đề nghị
adjourn|закрыть заседание|bế mạc
convene|созвать|triệu tập
bylaw|уставное положение|điều lệ
charter|устав|hiến chương
mission statement|миссия|tuyên bố sứ mệnh
vision statement|видение|tuyên bố tầm nhìn
value of a company|ценность компании|giá trị công ty
code of conduct|кодекс поведения|quy tắc ứng xử
ethics|этика|đạo đức
conflict of interest|конфликт интересов|xung đột lợi ích
disclosure|раскрытие|công bố
whistleblower|информатор|người tố giác
investigation|расследование|cuộc điều tra
finding of fact|установленный факт|sự việc đã xác minh
recommendation report|рекомендательный отчёт|báo cáo kiến nghị
implementation|внедрение|triển khai
pilot project|пилотный проект|dự án thí điểm
rollout|запуск|triển khai rộng
adoption|принятие на вооружение|mức áp dụng
change management|управление изменениями|quản lý thay đổi
resistance to change|сопротивление изменениям|kháng cự thay đổi
communication plan|план коммуникации|kế hoạch truyền thông
town hall|общее собрание|họp toàn thể
announcement|объявление|thông báo
intranet|интранет|mạng nội bộ
newsletter|рассылка|bản tin
bulletin board|доска объявлений|bảng thông báo
suggestion box|ящик предложений|hòm góp ý
employee survey|опрос сотрудников|khảo sát nhân viên
engagement score|индекс вовлечённости|điểm gắn kết
recognition|признание заслуг|sự ghi nhận
award|награда|giải thưởng
bonus payment|выплата премии|khoản thưởng
team building|тимбилдинг|gắn kết nhóm
offsite|выездная встреча|họp ngoài văn phòng
retreat|ретрит команды|kỳ nghỉ tập trung
celebration of success|празднование успеха|ăn mừng thành công
lesson learned|извлечённый урок|bài học rút ra
best practice|лучшая практика|thực hành tốt
playbook|сборник приёмов|sổ tay cách làm
template|шаблон|mẫu
checklist for launch|чек-лист запуска|danh sách kiểm tra ra mắt
go live|запуск в работу|đưa vào hoạt động
hypercare|усиленная поддержка после запуска|hỗ trợ sát sau triển khai
stabilization|стабилизация|ổn định
continuous improvement|непрерывное улучшение|cải tiến liên tục
quality check|проверка качества|kiểm tra chất lượng
defect|дефект|khuyết tật
rework|переделка|làm lại
scrap|брак|phế phẩm
yield rate|выход годных|tỷ lệ đạt
inspection|инспекция|kiểm tra
sample test|выборочная проверка|kiểm mẫu
specification|спецификация|đặc tả
tolerance|допуск|dung sai
calibration|калибровка|hiệu chuẩn
maintenance schedule|график обслуживания|lịch bảo trì
spare parts list|список запчастей|danh mục phụ tùng
downtime log|журнал простоев|sổ thời gian dừng
safety briefing|инструктаж по безопасности|buổi phổ biến an toàn
hazard|опасность|mối nguy
protective equipment|средства защиты|đồ bảo hộ
incident near miss|почти произошедший инцидент|suýt xảy ra sự cố
first aid kit|аптечка|hộp sơ cứu
evacuation plan|план эвакуации|kế hoạch sơ tán
assembly point|место сбора|điểm tập trung
fire drill|учебная тревога|diễn tập cháy
emergency contact|контакт для экстренной связи|liên hệ khẩn cấp
medical form|медицинская анкета|mẫu y tế
allergy note|пометка об аллергии|ghi chú dị ứng
blood type|группа крови|nhóm máu
emergency number|номер экстренной службы|số khẩn cấp
ambulance call|вызов скорой|gọi xe cứu thương
police report|заявление в полицию|báo cáo cảnh sát
incident scene|место происшествия|hiện trường
witness statement|показания свидетеля|lời khai nhân chứng
insurance claim form|бланк страхового случая|mẫu yêu cầu bảo hiểm
photo of damage|фото повреждения|ảnh thiệt hại
repair estimate|смета ремонта|báo giá sửa chữa
replacement cost|стоимость замены|chi phí thay thế
deductible|франшиза|mức khấu trừ
policy number|номер полиса|số hợp đồng bảo hiểm
coverage limit|лимит покрытия|hạn mức bảo hiểm
exclusion clause|исключение из покрытия|điều khoản loại trừ
claim status|статус заявления|trạng thái yêu cầu
adjuster|оценщик ущерба|giám định viên
settlement|урегулирование|thỏa thuận bồi thường
payout|выплата|khoản chi trả
renewal date|дата продления|ngày gia hạn
premium increase|рост взноса|tăng phí
discount for safe driving|скидка за безаварийность|giảm phí lái an toàn
no claim bonus|бонус за отсутствие обращений|thưởng không yêu cầu
roadside assistance|помощь на дороге|cứu hộ đường bộ
tow truck|эвакуатор|xe kéo
flat tire|спущенное колесо|lốp xẹp
jump start|прикуривание|câu bình
dead battery|севший аккумулятор|ắc quy hết
engine warning|лампа двигателя|đèn báo động cơ
oil change|замена масла|thay dầu
brake pad|тормозная колодка|má phanh
alignment of wheels|развал-схождение|cân chỉnh bánh
inspection sticker|стикер техосмотра|tem đăng kiểm
registration|регистрация авто|đăng ký xe
insurance card|страховая карточка|thẻ bảo hiểm xe
driver handbook|правила дорожного движения|sổ luật giao thông
yield sign|знак уступи дорогу|biển nhường đường
stop sign|знак стоп|biển dừng
speed camera|камера контроля скорости|camera tốc độ
parking ticket|штраф за парковку|phiếu phạt đỗ xe
tow away zone|зона эвакуации|khu vực cấm đỗ
one way street|улица с односторонним движением|đường một chiều
pedestrian zone|пешеходная зона|khu vực đi bộ
bike lane|велодорожка|làn xe đạp
bus lane|автобусная полоса|làn xe buýt
carpool|совместная поездка|đi chung xe
ride share|заказ машины через приложение|gọi xe ứng dụng
fare estimate|оценка стоимости поездки|ước tính tiền xe
pickup point|точка посадки|điểm đón
drop off point|точка высадки|điểm trả
driver rating|оценка водителя|điểm tài xế
lost item in a car|вещь, забытая в машине|đồ bỏ quên trên xe
route change|изменение маршрута|đổi tuyến
traffic accident|дорожная авария|tai nạn giao thông
minor collision|лёгкое столкновение|va chạm nhẹ
witness of an accident|свидетель аварии|nhân chứng tai nạn
exchange of details|обмен данными|trao đổi thông tin
police attendance|приезд полиции|cảnh sát có mặt
medical check after a crash|осмотр после аварии|kiểm tra sau va chạm
shock|шок|sốc
bruise on the arm|синяк на руке|vết bầm ở tay
whiplash|хлыстовая травма шеи|chấn thương cổ
concussion|сотрясение|chấn động não
rest and recover|отдохнуть и восстановиться|nghỉ để hồi phục
follow up visit|повторный визит|tái khám
physiotherapy|физиотерапия|vật lý trị liệu
exercise plan|план упражнений|kế hoạch tập
pain scale|шкала боли|thang đau
medication schedule|график приёма лекарств|lịch uống thuốc
side effect note|заметка о побочном эффекте|ghi tác dụng phụ
allergy bracelet|браслет об аллергии|vòng cảnh báo dị ứng
inhaler|ингалятор|ống hít
insulin|инсулин|insulin
blood sugar|сахар в крови|đường huyết
cholesterol|холестерин|cholesterol
vaccine record|карта прививок|sổ tiêm chủng
booster shot|ревакцинация|mũi nhắc
flu season|сезон гриппа|mùa cúm
hand sanitizer|антисептик для рук|nước rửa tay
face mask|маска для лица|khẩu trang
social distance|социальная дистанция|khoảng cách
isolation|изоляция|cách ly
quarantine|карантин|cách ly kiểm dịch
symptom diary|дневник симптомов|nhật ký triệu chứng
telemedicine|телемедицина|khám từ xa
prescription refill|повторный рецепт|kê lại thuốc
generic drug|дженерик|thuốc gốc
brand name drug|оригинальный препарат|thuốc biệt dược
pharmacy hours|часы аптеки|giờ nhà thuốc
over the counter|без рецепта|không cần đơn
controlled medicine|лекарство строгого учёта|thuốc kiểm soát
dosage instruction|инструкция по дозе|hướng dẫn liều
with food|во время еды|uống cùng thức ăn
on an empty stomach|натощак|khi đói
twice a day|дважды в день|hai lần một ngày
as needed|по необходимости|khi cần
finish the course|пройти курс до конца|uống hết liệu trình
antibiotic resistance|устойчивость к антибиотикам|kháng kháng sinh
wound dressing|перевязка|băng vết thương
stitches|швы|mũi khâu
scar care|уход за шрамом|chăm sẹo
physical exam|медосмотр|khám sức khỏe
blood test|анализ крови|xét nghiệm máu
urine test|анализ мочи|xét nghiệm nước tiểu
scan result|результат сканирования|kết quả chụp
referral to a specialist|направление к специалисту|giấy chuyển chuyên khoa
waiting list|лист ожидания|danh sách chờ
second opinion|второе мнение|ý kiến thứ hai
informed consent|информированное согласие|đồng ý sau khi được giải thích
discharge summary|выписка|giấy ra viện
follow up in a week|контроль через неделю|tái khám sau một tuần
recovery at home|выздоровление дома|hồi phục tại nhà
care instructions|инструкции по уходу|hướng dẫn chăm sóc
warning sign|тревожный признак|dấu hiệu cảnh báo
emergency room|приёмное отделение|phòng cấp cứu
triage|сортировка пациентов|phân loại cấp cứu
vital signs|жизненные показатели|sinh hiệu
oxygen|кислород|oxy
IV drip|капельница|truyền dịch
monitor|монитор|màn hình theo dõi
nurse station|пост медсестры|trạm y tá
visiting hours|часы посещений|giờ thăm
get well card|открытка с пожеланием здоровья|thiệp chúc mau khỏe
flower delivery|доставка цветов|giao hoa
quiet room|тихая палата|phòng yên tĩnh
shared ward|общая палата|phòng nhiều giường
private room|отдельная палата|phòng riêng
hospital gown|больничная рубашка|áo bệnh viện
bed rail|бортик кровати|thanh chắn giường
call button|кнопка вызова|nút gọi y tá
meal tray|поднос с едой|khay cơm
discharge papers|документы на выписку|giấy xuất viện
pharmacy pickup|получение лекарств|nhận thuốc
transport home|дорога домой|đưa về nhà
rest day|день отдыха|ngày nghỉ ngơi
gentle walk|спокойная прогулка|đi bộ nhẹ
hydration|питьё воды|bù nước
sleep schedule|режим сна|giờ ngủ
stress relief|снятие стресса|giảm căng thẳng
breathing exercise|дыхательное упражнение|bài tập thở
stretch|растяжка|kéo giãn
posture|осанка|tư thế
ergonomic chair|эргономичное кресло|ghế công thái học
standing desk|стол для работы стоя|bàn đứng
screen break|перерыв от экрана|nghỉ màn hình
eye strain|напряжение глаз|mỏi mắt
blue light|синий свет|ánh sáng xanh
wrist rest|подставка под запястье|kê cổ tay
footrest|подставка для ног|kê chân
noise cancelling|шумоподавление|chống ồn
focus time|время для концентрации|giờ tập trung
deep work|глубокая работа|làm việc sâu
interruption|прерывание|sự ngắt quãng
context switch|переключение задачи|đổi ngữ cảnh
priority list|список приоритетов|danh sách ưu tiên
daily plan|план на день|kế hoạch ngày
weekly review|обзор недели|xem lại tuần
habit|привычка|thói quen
routine|распорядок|thói quen hàng ngày
morning routine|утренний ритуал|thói quen buổi sáng
evening routine|вечерний ритуал|thói quen buổi tối
alarm snooze|повторный сигнал|báo lại
commute podcast|подкаст в дороге|nghe podcast lúc đi
reading time|время для чтения|giờ đọc
journal entry|запись в дневнике|mẩu nhật ký
gratitude|благодарность|lòng biết ơn
goal for the month|цель на месяц|mục tiêu tháng
small step|маленький шаг|bước nhỏ
progress note|заметка о прогрессе|ghi tiến bộ
setback|неудача на пути|bước lùi
restart|начать заново|bắt đầu lại
consistency|постоянство|sự đều đặn
motivation|мотивация|động lực
discipline|дисциплина|kỷ luật
patience|терпение|sự kiên nhẫn
curiosity|любопытство|sự tò mò
confidence|уверенность|sự tự tin
courage|смелость|lòng can đảm
kindness|доброта|lòng tốt
respect|уважение|sự tôn trọng
honesty|честность|sự trung thực
fairness|справедливость|sự công bằng
responsibility|ответственность|trách nhiệm
reliability|надёжность|độ tin cậy
creativity|творчество|sự sáng tạo
imagination|воображение|trí tưởng tượng
memory|память|trí nhớ
attention|внимание|sự chú ý
concentration|концентрация|sự tập trung
decision|решение|quyết định
doubt feeling|сомнение|sự nghi ngờ
hope feeling|надежда|niềm hy vọng
fear feeling|страх|nỗi sợ
joy feeling|радость|niềm vui
pride|гордость|niềm tự hào
shame|стыд|sự xấu hổ
guilt|вина|cảm giác tội lỗi
envy|зависть|sự ghen tị
jealousy|ревность|sự ghen
relief|облегчение|sự nhẹ nhõm
surprise feeling|удивление|sự ngạc nhiên
disappointment|разочарование|sự thất vọng
frustration|раздражение|sự bực bội
boredom|скука|sự chán
excitement|волнение радостное|sự hào hứng
anxiety|тревога|lo âu
calm feeling|спокойствие|sự bình tĩnh
loneliness|одиночество|sự cô đơn
belonging|чувство принадлежности|cảm giác thuộc về
trust feeling|доверие|niềm tin
forgiveness|прощение|sự tha thứ
regret|сожаление|sự hối tiếc
nostalgia|ностальгия|nỗi nhớ
wonder|изумление|sự kinh ngạc
awe|благоговение|cảm giác choáng ngợp
contentment|удовлетворённость|sự mãn nguyện
serenity|безмятежность|sự thanh thản
grief|горе|nỗi đau mất mát
mourning|траур|tang chế
comfort|утешение|sự an ủi
empathy|эмпатия|sự đồng cảm
sympathy|сочувствие|lòng thương cảm
compassion|сострадание|lòng trắc ẩn
gratitude note|записка благодарности|mẩu giấy cảm ơn
apology letter|письмо с извинением|thư xin lỗi
promise|обещание|lời hứa
compromise|компромисс|sự thỏa hiệp
argument|ссора|cuộc cãi vã
reconciliation|примирение|sự hòa giải
boundary|личная граница|ranh giới
consent in a relationship|согласие в отношениях|sự đồng ý trong quan hệ
respect for privacy|уважение к личному|tôn trọng riêng tư
shared responsibility|общая ответственность|trách nhiệm chung
household chore|домашняя обязанность|việc nhà
cooking duty|дежурство по кухне|phần nấu ăn
cleaning rota|график уборки|lịch dọn
bill sharing|деление счетов|chia hóa đơn
quiet hours|часы тишины|giờ yên tĩnh
house rule|правило дома|nội quy nhà
guest policy|правила для гостей|quy định khách
pet policy|правила о животных|quy định thú cưng
recycling rule|правило сортировки|quy tắc tái chế
neighbor greeting|приветствие соседу|chào hàng xóm
community meeting|собрание жителей|họp cộng đồng
notice board|доска объявлений дома|bảng tin
lost and found|бюро находок|mất và tìm thấy
package room|комната для посылок|phòng nhận kiện
bike storage|хранение велосипедов|chỗ để xe đạp
parking permit|разрешение на парковку|giấy phép đỗ xe
visitor parking|парковка для гостей|chỗ đỗ khách
building manager|управляющий домом|quản lý tòa nhà
maintenance request|заявка на ремонт|yêu cầu sửa chữa
leak report|сообщение об утечке|báo rò rỉ
power outage|отключение электричества|mất điện
water shutoff|отключение воды|cắt nước
heating failure|поломка отопления|hỏng sưởi
elevator outage|лифт не работает|thang máy hỏng
stair access|доступ по лестнице|đi cầu thang
emergency light|аварийный свет|đèn sự cố
backup generator|резервный генератор|máy phát dự phòng
flashlight ready|фонарик наготове|đèn pin sẵn
first aid location|где аптечка|chỗ hộp sơ cứu
floor plan|план этажа|sơ đồ tầng
exit sign|указатель выхода|biển lối thoát
smoke alarm test|проверка датчика дыма|thử đầu báo khói
battery replacement|замена батарейки|thay pin
spare bulb|запасная лампочка|bóng đèn dự phòng
fuse|предохранитель|cầu chì
circuit breaker|автомат защиты|cầu dao
power strip|сетевой фильтр|ổ cắm nối
cable management|укладка кабелей|sắp dây
desk lamp|настольная лампа|đèn bàn
bookshelf unit|стеллаж|kệ sách
filing cabinet|шкаф для документов|tủ hồ sơ
waste bin|корзина для бумаг|sọt rác
recycling box|ящик для переработки|thùng tái chế nhỏ
plant on the desk|растение на столе|cây trên bàn
photo frame|фоторамка|khung ảnh
calendar on the wall|календарь на стене|lịch treo tường
clock on the wall|настенные часы|đồng hồ treo
whiteboard marker|маркер для доски|bút bảng
eraser for a board|губка для доски|miếng xóa bảng
pin board|пробковая доска|bảng ghim
push pin|кнопка-гвоздик|đinh ghim
binder|папка-скоросшиватель|bìa còng
divider|разделитель|tấm ngăn
label maker|принтер этикеток|máy in nhãn
tape dispenser|диспенсер скотча|cắt băng dính
scissors|ножницы|kéo
glue stick|клей-карандаш|hồ dán
rubber band|резинка|dây thun
paperweight|пресс-папье|chặn giấy
hole punch|дырокол|đục lỗ
binder clip|зажим|kẹp bìa
index card|карточка|thẻ ghi
flashcard|карточка для запоминания|thẻ học từ
study plan|план учёбы|kế hoạch học
review session|сессия повторения|buổi ôn
practice sentence|предложение для практики|câu luyện
native speaker|носитель языка|người bản ngữ
language partner|языковой партнёр|bạn luyện ngôn ngữ
pronunciation drill|тренировка произношения|luyện phát âm
listening practice|практика аудирования|luyện nghe
speaking practice|практика говорения|luyện nói
reading passage|текст для чтения|đoạn đọc
writing prompt|тема для письма|đề viết
vocabulary list|список слов|danh sách từ
spaced repetition|интервальное повторение|lặp lại ngắt quãng
due card|карточка к повторению|thẻ đến hạn
new card|новая карточка|thẻ mới
mastered word|выученное слово|từ đã thuộc
hint for reading|подсказка чтения|gợi ý đọc
translation pair|пара перевода|cặp dịch
example in context|пример в контексте|ví dụ trong ngữ cảnh
common mistake|частая ошибка|lỗi thường gặp
false friend|ложный друг переводчика|từ dễ nhầm
idiom|идиома|thành ngữ
proverb|пословица|tục ngữ
collocation|сочетание слов|kết hợp từ
phrasal verb|фразовый глагол|động từ cụm
modal verb|модальный глагол|động từ khuyết thiếu
auxiliary verb|вспомогательный глагол|trợ động từ
preposition use|употребление предлога|cách dùng giới từ
article use|употребление артикля|cách dùng mạo từ
word order|порядок слов|trật tự từ
question form|форма вопроса|dạng câu hỏi
negative form|отрицательная форма|dạng phủ định
tense|время глагола|thì
present simple|настоящее простое|hiện tại đơn
present continuous|настоящее длительное|hiện tại tiếp diễn
past simple|прошедшее простое|quá khứ đơn
past continuous|прошедшее длительное|quá khứ tiếp diễn
present perfect|настоящее совершённое|hiện tại hoàn thành
past perfect|прошедшее совершённое|quá khứ hoàn thành
future simple|будущее простое|tương lai đơn
going to future|будущее с going to|tương lai gần
conditional sentence|условное предложение|câu điều kiện
passive voice|страдательный залог|câu bị động
reported speech|косвенная речь|câu tường thuật
relative clause|придаточное определительное|mệnh đề quan hệ
gerund|герундий|danh động từ
infinitive|инфинитив|động từ nguyên mẫu
participle|причастие|phân từ
comparative form|сравнительная степень|dạng so sánh hơn
superlative form|превосходная степень|dạng so sánh nhất
countable noun|исчисляемое существительное|danh từ đếm được
uncountable noun|неисчисляемое существительное|danh từ không đếm được
plural form|форма множественного числа|dạng số nhiều
possessive form|притяжательная форма|dạng sở hữu
contraction form|сокращённая форма|dạng rút gọn
formal register|официальный стиль|văn phong trang trọng
informal register|разговорный стиль|văn phong thân mật
polite request|вежливая просьба|lời yêu cầu lịch sự
softener|смягчение формулировки|cách nói mềm
filler word|слово-паразит|từ đệm
hesitation|запинка|sự ngập ngừng
clarification|уточнение|sự làm rõ
repetition request|просьба повторить|xin nhắc lại
paraphrase|пересказ своими словами|diễn đạt lại
confirmation|подтверждение|sự xác nhận
agreement signal|сигнал согласия|dấu hiệu đồng ý
disagreement signal|сигнал несогласия|dấu hiệu không đồng ý
turn taking|очерёдность в разговоре|lượt nói
interruption polite|вежливое вмешательство|ngắt lời lịch sự
closing a conversation|завершение разговора|kết thúc cuộc nói
small talk|светская беседа|chuyện phiếm
icebreaker|фраза для начала разговора|câu mở đầu
self introduction|самопрезентация|tự giới thiệu
follow up question|уточняющий вопрос|câu hỏi tiếp
active listening|активное слушание|lắng nghe chủ động
body language|язык тела|ngôn ngữ cơ thể
eye contact|зрительный контакт|giao tiếp bằng mắt
handshake|рукопожатие|bắt tay
nod|кивок|gật đầu
smile|улыбка|nụ cười
gesture|жест|cử chỉ
personal space|личное пространство|khoảng cách cá nhân
cultural note|культурная заметка|ghi chú văn hóa
taboo topic|запретная тема|chủ đề kiêng
polite refusal|вежливый отказ|từ chối lịch sự
indirect answer|косвенный ответ|câu trả lời gián tiếp
direct answer|прямой ответ|câu trả lời thẳng
hedging|оговорка|cách nói dè dặt
emphasis|эмфаза|sự nhấn mạnh
contrast marker|маркер противопоставления|từ nối đối lập
addition marker|маркер добавления|từ nối bổ sung
cause marker|маркер причины|từ nối nguyên nhân
result marker|маркер результата|từ nối kết quả
time marker|маркер времени|từ nối thời gian
sequence marker|маркер последовательности|từ nối trình tự
example marker|маркер примера|từ nối ví dụ
summary marker|маркер итога|từ nối tóm tắt
topic sentence|предложение темы|câu chủ đề
supporting detail|подтверждающая деталь|chi tiết hỗ trợ
concluding sentence|завершающее предложение|câu kết
cohesion|связность|sự mạch lạc
coherence|логичность|sự nhất quán
register shift|смена регистра|đổi mức trang trọng
audience awareness|учёт аудитории|ý thức người nghe
purpose of a text|цель текста|mục đích văn bản
tone of a text|тон текста|giọng văn
clarity|ясность|sự rõ ràng
concision|краткость|sự ngắn gọn
accuracy of language|точность языка|độ chính xác ngôn ngữ
fluency|беглость|sự trôi chảy
accuracy versus fluency|точность и беглость|chính xác và trôi chảy
self correction|самоисправление|tự sửa
error pattern|типичная ошибка|mẫu lỗi
feedback from a teacher|обратная связь учителя|phản hồi của giáo viên
peer feedback|обратная связь одногруппника|phản hồi bạn học
model answer|образец ответа|câu trả lời mẫu
rubric|критерии оценки|thang tiêu chí
band score|балл по шкале|điểm band
timed practice|практика на время|luyện có giờ
mock exam|пробный экзамен|thi thử
answer sheet|бланк ответов|phiếu trả lời
listening section|секция аудирования|phần nghe
reading section|секция чтения|phần đọc
writing section|секция письма|phần viết
speaking section|секция говорения|phần nói
prompt card|карточка задания|thẻ đề
preparation time|время на подготовку|thời gian chuẩn bị
note taking|ведение заметок|ghi chép
keyword|ключевое слово|từ khóa
distractor|отвлекающий вариант|phương án nhiễu
inference|умозаключение|suy luận
main idea|главная мысль|ý chính
detail question|вопрос на деталь|câu hỏi chi tiết
attitude of the speaker|отношение говорящего|thái độ người nói
purpose question|вопрос о цели|câu hỏi mục đích
reference word|слово-отсылка|từ quy chiếu
paraphrase match|соответствие перефразирования|khớp cách diễn đạt
summary completion|заполнение конспекта|điền tóm tắt
sentence completion|завершение предложения|hoàn thành câu
matching heading|подбор заголовка|nối tiêu đề
true false not given|верно ложно не сказано|đúng sai không có thông tin
multiple choice|множественный выбор|trắc nghiệm
short answer|краткий ответ|câu trả lời ngắn
essay|сочинение|bài luận
letter of complaint|письмо-жалоба|thư khiếu nại
letter of request|письмо-просьба|thư yêu cầu
formal email|официальное письмо|email trang trọng
informal email|неформальное письмо|email thân mật
report writing|написание отчёта|viết báo cáo
graph description|описание графика|mô tả biểu đồ
opinion essay|эссе-мнение|bài luận ý kiến
discussion essay|эссе-обсуждение|bài luận thảo luận
advantage disadvantage|преимущества и недостатки|ưu và nhược điểm
problem solution|проблема и решение|vấn đề và giải pháp
introduction paragraph|вступительный абзац|đoạn mở
body paragraph|основной абзац|đoạn thân
conclusion paragraph|заключительный абзац|đoạn kết
linking word|связующее слово|từ nối
topic vocabulary|тематическая лексика|từ vựng chủ đề
range of vocabulary|разнообразие лексики|phạm vi từ vựng
grammatical range|грамматическое разнообразие|phạm vi ngữ pháp
task response|ответ на задание|đáp ứng đề
coherence score|оценка связности|điểm mạch lạc
lexical resource|лексический ресурс|nguồn từ vựng
pronunciation score|оценка произношения|điểm phát âm
fluency score|оценка беглости|điểm trôi chảy
band descriptor|описание балла|mô tả mức điểm
examiner|экзаменатор|giám khảo
candidate|кандидат|thí sinh
ID check|проверка документа|kiểm tra giấy tờ
waiting area|зона ожидания|khu chờ
exam room|экзаменационная комната|phòng thi
quiet please|тише, пожалуйста|xin im lặng
time is up|время вышло|hết giờ
rough notes|черновые заметки|ghi nháp
final answer|итоговый ответ|câu trả lời cuối
review your work|проверьте работу|xem lại bài
guess if unsure|угадайте, если не уверены|đoán nếu không chắc
manage your time|распределите время|chia thời gian
read the instructions|прочитайте инструкцию|đọc hướng dẫn
answer every question|ответьте на каждый вопрос|trả lời mọi câu
transfer answers|перенесите ответы|chép đáp án
listen for signposts|слушайте маркеры|nghe từ định hướng
predict the topic|предугадайте тему|đoán chủ đề
skim the text|просмотрите текст|đọc lướt
scan for a name|найдите имя|tìm tên
underline keywords|подчеркните ключевые слова|gạch từ khóa
paraphrase the question|перефразируйте вопрос|diễn đạt lại câu hỏi
plan before writing|составьте план|lập dàn ý
leave time to check|оставьте время на проверку|dành thời gian kiểm tra
speak clearly|говорите ясно|nói rõ
extend your answer|разверните ответ|trả lời dài hơn
give an example|приведите пример|đưa ví dụ
ask to repeat|попросите повторить|xin nhắc lại
buy thinking time|выиграйте время на мысль|câu lấy thời gian
organize your ideas|упорядочьте мысли|sắp ý
stay on topic|держитесь темы|đúng chủ đề
use a range of tenses|используйте разные времена|dùng nhiều thì
self correct smoothly|исправляйтесь плавно|tự sửa tự nhiên
smile and breathe|улыбнитесь и вдохните|mỉm cười và thở
good luck on the exam|удачи на экзамене|chúc may mắn kỳ thi
well done today|молодец сегодня|hôm nay làm tốt
see you next lesson|до следующего урока|hẹn buổi sau
review tonight|повтори сегодня вечером|ôn tối nay
add this word|добавь это слово|thêm từ này
practice aloud|потренируйся вслух|luyện thành tiếng
record yourself|запиши себя|tự ghi âm
compare with the model|сравни с образцом|so với mẫu
notice the stress|обрати внимание на ударение|để ý trọng âm
notice the tone|обрати внимание на тон|để ý thanh điệu
shadow the audio|повторяй за аудио|nhại theo audio
slow then fast|сначала медленно, потом быстро|chậm rồi nhanh
chunk the phrase|дели фразу на куски|chia cụm
link the sounds|соединяй звуки|nối âm
reduce the function word|редуцируй служебное слово|nuốt từ chức năng
keep the content word clear|содержательное слово произноси ясно|từ nội dung nói rõ
preposition is unstressed|предлог без ударения|giới từ không nhấn
article is weak|артикль слабый|mạo từ nhẹ
auxiliary is weak|вспомогательный глагол слабый|trợ động từ nhẹ
content word is strong|содержательное слово сильное|từ nội dung mạnh
practice the weak forms|тренируй слабые формы|luyện dạng yếu
practice the strong forms|тренируй сильные формы|luyện dạng mạnh
contrast the pair|сравни пару|đối chiếu cặp
say it in a sentence|скажи в предложении|nói trong câu
translate both ways|переведи в обе стороны|dịch hai chiều
cover and recall|закрой и вспомни|che và nhớ lại
space the reviews|разнеси повторения|giãn các lần ôn
trust the schedule|доверяй расписанию|tin lịch ôn
one more round|ещё один круг|thêm một lượt
that is enough for today|на сегодня хватит|hôm nay đủ rồi
rest and return|отдохни и вернись|nghỉ rồi quay lại
you are making progress|ты продвигаешься|bạn đang tiến bộ
keep going|продолжай|cứ tiếp tục
small gains add up|маленькие успехи складываются|tiến bộ nhỏ cộng lại
language grows with use|язык растёт от употребления|ngôn ngữ lớn lên khi dùng
use the word today|употреби слово сегодня|dùng từ này hôm nay
notice it in the wild|заметь его в жизни|để ý từ ngoài đời
bring a question next time|принеси вопрос в следующий раз|mang câu hỏi lần sau
we will review the due cards|повторим должные карточки|ôn các thẻ đến hạn
new words wait their turn|новые слова ждут своей очереди|từ mới chờ lượt
quality over quantity|качество важнее количества|chất lượng hơn số lượng
understand before you memorize|пойми, потом запоминай|hiểu rồi hãy nhớ
a phrase beats a bare word|фраза лучше голого слова|cụm từ hơn từ trần
context sticks|контекст запоминается|ngữ cảnh dễ nhớ
say it to a person|скажи это человеку|nói với một người
write it by hand|напиши от руки|viết tay
hear it again|услышь ещё раз|nghe lại
sleep helps memory|сон помогает памяти|ngủ giúp trí nhớ
come back tomorrow|вернись завтра|quay lại ngày mai
the word will return|слово вернётся|từ sẽ quay lại
trust the process|верь процессу|tin vào quá trình
you already know more|ты уже знаешь больше|bạn đã biết nhiều hơn
build on what you know|опирайся на известное|dựa vào điều đã biết
connect the new word|свяжи новое слово|nối từ mới
one preposition at a time|по одному предлогу|mỗi lần một giới từ
use it in your own sentence|используй в своём предложении|dùng trong câu của bạn
check the meaning in context|проверь смысл в контексте|kiểm nghĩa trong ngữ cảnh
if unsure mark it|если не уверен, отметь|không chắc thì đánh dấu
ask a precise question|задай точный вопрос|hỏi câu cụ thể
a good question saves time|хороший вопрос экономит время|câu hỏi tốt tiết kiệm thời gian
we can look it up together|можем посмотреть вместе|có thể tra cùng nhau
keep a personal example|храни свой пример|giữ ví dụ của bạn
your example is the best hook|твой пример — лучший крючок|ví dụ của bạn dễ nhớ nhất
say the Russian aloud|произнеси русский вслух|đọc tiếng Nga thành tiếng
say the Vietnamese aloud|произнеси вьетнамский вслух|đọc tiếng Việt thành tiếng
hear the English again|ещё раз услышь английский|nghe tiếng Anh lần nữa
three languages one idea|три языка одна мысль|ba ngôn ngữ một ý
that is the whole point|в этом весь смысл|đó là ý chính
ready for the next word|готов к следующему слову|sẵn sàng từ tiếp theo
let us continue|давай продолжим|chúng ta tiếp tục
pause if you need|сделай паузу, если нужно|dừng nếu cần
water and a stretch|вода и растяжка|uống nước và vươn vai
then we go on|потом продолжим|rồi tiếp tục
you are doing fine|у тебя получается|bạn làm tốt
this word is common|это слово частое|từ này hay gặp
this word is formal|это слово официальное|từ này trang trọng
this word is informal|это слово разговорное|từ này thân mật
this phrase is polite|эта фраза вежливая|cụm này lịch sự
this phrase is direct|эта фраза прямая|cụm này thẳng
use the polite one first|сначала вежливый вариант|dùng kiểu lịch sự trước
save the direct one for friends|прямой вариант оставь друзьям|kiểu thẳng để với bạn bè
notice who you are talking to|замечай, с кем говоришь|để ý đang nói với ai
match the tone to the person|подбери тон к человеку|chọn giọng theo người
a preposition changes the meaning|предлог меняет смысл|giới từ đổi nghĩa
learn the phrase not the gloss alone|учи фразу, не только глоссу|học cả cụm không chỉ nghĩa
the gloss is a hint|глосса — подсказка|nghĩa chỉ là gợi ý
the sentence is the teacher|предложение учит|câu mới là thầy
repeat until it feels easy|повторяй, пока не станет легко|lặp đến khi dễ
easy does not mean finished|легко не значит выучено|dễ chưa phải thuộc
it will come back later|оно вернётся позже|nó sẽ quay lại sau
that is how memory works|так устроена память|trí nhớ hoạt động vậy
welcome the return|встречай возвращение|đón lần quay lại
each return makes it stronger|каждое возвращение укрепляет|mỗi lần về lại càng chắc
leave it when it is easy|оставь, когда легко|để đó khi đã dễ
pick it up when it is due|возьми, когда срок|lấy lại khi đến hạn
the app will remind you|приложение напомнит|ứng dụng sẽ nhắc
you do not have to remember the date|дату помнить не нужно|không cần nhớ ngày
just show up|просто приходи|chỉ cần xuất hiện
open the due pile|открой стопку должных|mở chồng thẻ đến hạn
do a short session|сделай короткую сессию|học một phiên ngắn
stop while it is still pleasant|остановись, пока приятно|dừng khi vẫn dễ chịu
tomorrow is another pile|завтра будет другая стопка|ngày mai có chồng khác
that is sustainable|так можно долго|cách này bền
sustainable beats intense|устойчивое лучше рывка|bền hơn cố quá
a little every day|немного каждый день|một ít mỗi ngày
beats a long rare session|лучше редкой длинной сессии|hơn một buổi dài hiếm
protect the streak if you want|береги серию, если хочешь|giữ chuỗi nếu muốn
missing a day is not failure|пропуск дня — не провал|nghỉ một ngày không phải thất bại
return without drama|вернись без драмы|quay lại không ồn ào
the words are still there|слова на месте|từ vẫn ở đó
your progress is still there|прогресс на месте|tiến bộ vẫn còn
another profile does not erase this one|другой профиль это не стирает|hồ sơ khác không xóa hồ sơ này
switch and come back|переключись и вернись|đổi rồi quay lại
the due cards wait|должные карточки ждут|thẻ đến hạn vẫn chờ
that is the promise|таково обещание|đó là lời hứa
now learn the next word|а теперь следующее слово|giờ học từ tiếp theo
say it once more|скажи ещё раз|nói thêm lần nữa
good|хорошо|tốt
again please|ещё раз, пожалуйста|làm ơn lần nữa
slower please|медленнее, пожалуйста|làm ơn chậm hơn
louder please|громче, пожалуйста|làm ơn to hơn
one more example|ещё один пример|thêm một ví dụ
I will remember this|я это запомню|tôi sẽ nhớ
I already use this|я это уже употребляю|tôi đã dùng từ này
this one is new|это новое|cái này mới
this one is familiar|это знакомое|cái này quen
I want a phrase|хочу фразу|tôi muốn một cụm
show me the preposition|покажи предлог|cho tôi xem giới từ
what does this preposition do|что делает этот предлог|giới từ này làm gì
it links the noun|он связывает существительное|nó nối danh từ
it shows place|он показывает место|nó chỉ nơi chốn
it shows time|он показывает время|nó chỉ thời gian
it shows cause|он показывает причину|nó chỉ nguyên nhân
it shows manner|он показывает способ|nó chỉ cách thức
it shows direction|он показывает направление|nó chỉ hướng
learn the frame|выучи рамку|học cái khung
noun after the preposition|после предлога существительное|sau giới từ là danh từ
verb before the preposition|перед предлогом глагол|trước giới từ là động từ
some verbs demand a preposition|некоторые глаголы требуют предлог|một số động từ bắt buộc giới từ
the pair is the unit|пара и есть единица|cặp mới là đơn vị
do not split them|не разрывай их|đừng tách chúng
practice the pair|тренируй пару|luyện cả cặp
then vary the noun|потом меняй существительное|rồi đổi danh từ
the pattern stays|шаблон остаётся|khuôn vẫn giữ
that is how grammar feels|так грамматика ощущается|ngữ pháp cảm thấy vậy
not a rule in a vacuum|не правило в вакууме|không phải quy tắc trong chân không
a pattern you can say|шаблон, который можно сказать|khuôn bạn nói được
say three variants|скажи три варианта|nói ba biến thể
then stop|потом остановись|rồi dừng
enough for this pattern|достаточно для этого шаблона|đủ cho khuôn này
next pattern tomorrow|следующий шаблон завтра|khuôn sau để ngày mai
sleep on it|переспи с этим|ngủ một đêm
it will be easier|будет легче|sẽ dễ hơn
trust that|верь этому|tin điều đó
see you at the next card|до следующей карточки|hẹn thẻ sau
